Qwen 3 1.7B dense																						wandb 6hrpz2d5	/home1/doyoonkim/.cache/huggingface/hub/models--Qwen--Qwen3-1.7B/snapshots/70d244cc86ccca08cf5af4e1e306ecf908b1ad5e	https://wandb.ai/dyk6208-gwangju-institute-of-science-and-technology/reasoning_qwen3_1.7b_nostrip8192/runs/6hrpz2d5
	avg5	math500				GPQA				IFEval				LCB				GSM8K				avg4 (no GPQA)
seed	accuracy	accuracy	truncation rate	correct truncation rate	avg tokens	accuracy	truncation rate	correct truncation rate	avg tokens	accuracy	truncation rate	correct truncation rate	avg tokens	accuracy	truncation rate	correct truncation rate	avg tokens	accuracy	truncation rate	correct truncation rate	avg tokens	accuracy
0	64.1	89.4	4.0	0.45	4365	40.91	1.52	0	6777	68.76	4.62	2.36	1793	33.58	1.87	0	16644	87.87	1.06	0.17	1609	69.9
1	62.96	89.6	5.0	1.1	4320	36.87	2.02	2.67	6974	68.21	4.62	3.4	1750	32.46	2.61	0	16401	87.64	1.06	0.26	1603	69.48
42	63.85	87.0	5.4	0.23	4305	39.9	1.01	1.25	6880	69.32	4.81	2.6	1804	35.07	1.49	0	16266	87.95	1.06	0.43	1590	69.83
mean	63.64	88.67	4.8	0.59	4330	39.23	1.52	1.31	6877	68.76	4.68	2.79	1782	33.71	1.99	0.0	16437	87.82	1.06	0.29	1601	69.74
std	0.6	1.45	0.72	0.46	31	2.1	0.51	1.33	99	0.55	0.11	0.55	29	1.31	0.57	0.0	192	0.16	0.0	0.13	10	0.23
																						
Qwen 3 1.7B s50 SparseGPT																						wandb o0k35icm	cosmos1030/sparsegpt-qwen3-1.7b-s50pct	https://wandb.ai/dyk6208-gwangju-institute-of-science-and-technology/reasoning_qwen3_1.7b_nostrip8192/runs/o0k35icm
	avg5	math500				GPQA				IFEval				LCB				GSM8K				avg4 (no GPQA)
seed	accuracy	accuracy	truncation rate	correct truncation rate	avg tokens	accuracy	truncation rate	correct truncation rate	avg tokens	accuracy	truncation rate	correct truncation rate	avg tokens	accuracy	truncation rate	correct truncation rate	avg tokens	accuracy	truncation rate	correct truncation rate	avg tokens	accuracy
0	0.77	0.0	100	100	16384	0.0	99.49	100	16363	2.03	94.45	91.73	15531	0	100	-	32768	1.82	97.95	97.61	8063	0.96
1	0.68	0.0	100	100	16384	0.0	100	100	16384	2.03	96.12	92.09	15776	0	100	-	32768	1.36	98.33	98.21	8096	0.85
42	0.62	0.0	100	100	16384	0.0	98.99	100	16263	2.03	94.09	91.73	15490	0	100	-	32768	1.06	98.79	98.61	8120	0.77
mean	0.69	0.0	100.0	100.0	16384	0.0	99.49	100.0	16337	2.03	94.89	91.85	15599	0.0	100.0	-	32768	1.42	98.36	98.14	8093	0.86
std	0.08	0.0	0.0	0.0	0	0.0	0.51	0.0	64	0.0	1.08	0.21	155	0.0	0.0	-	0	0.38	0.42	0.5	29	0.1
																						
Qwen 3 1.7B s50 SparseGPT selfgen  [2/3 seeds complete]  [running]																						wandb b4jxvxcf	/home1/doyoonkim/projects/elsa/models/qwen3_1.7b_sgpt_s50pct_n128_selfgenv3	https://wandb.ai/dyk6208-gwangju-institute-of-science-and-technology/reasoning_qwen3_1.7b_nostrip8192/runs/b4jxvxcf
	avg5	math500				GPQA				IFEval				LCB				GSM8K				avg4 (no GPQA)
seed	accuracy	accuracy	truncation rate	correct truncation rate	avg tokens	accuracy	truncation rate	correct truncation rate	avg tokens	accuracy	truncation rate	correct truncation rate	avg tokens	accuracy	truncation rate	correct truncation rate	avg tokens	accuracy	truncation rate	correct truncation rate	avg tokens	accuracy
0	-	1.0	96.2	98.0	15771	-	-	-	-	2.77	90.57	88.64	14875	0.0	90.3	100	29590	12.43	79.83	81.72	6787	4.05
1	-	0.4	97.0	99.21	15900	-	-	-	-	2.4	91.5	89.17	15020	0.0	87.31	100	28612	15.09	77.48	78.35	6644	4.47
mean	-	0.7	96.6	98.6	15836	-	-	-	-	2.59	91.04	88.9	14948	0.0	88.81	100.0	29101	13.76	78.66	80.03	6716	4.26
std	-	0.42	0.57	0.85	91	-	-	-	-	0.26	0.65	0.37	103	0.0	2.11	0.0	691	1.88	1.66	2.38	101	0.3
																						
Qwen 3 1.7B s50 SparseLLM																						wandb tmbmbjwb	/home/doyoonkim/models/sparsellm_17b_s50	https://wandb.ai/dyk6208-gwangju-institute-of-science-and-technology/reasoning_qwen3_1.7b_nostrip8192/runs/tmbmbjwb
	avg5	math500				GPQA				IFEval				LCB				GSM8K				avg4 (no GPQA)
seed	accuracy	accuracy	truncation rate	correct truncation rate	avg tokens	accuracy	truncation rate	correct truncation rate	avg tokens	accuracy	truncation rate	correct truncation rate	avg tokens	accuracy	truncation rate	correct truncation rate	avg tokens	accuracy	truncation rate	correct truncation rate	avg tokens	accuracy
0	12.53	15.8	75.6	70.74	12711	5.56	78.28	78.85	13533	17.93	55.27	45.51	9274	2.61	93.66	0	30974	20.77	73.01	72.01	6323	14.28
1	11.61	13.4	78.4	76.24	13187	4.55	79.29	78.05	13737	17.74	54.71	44.19	9231	1.87	97.01	28.57	31994	20.47	72.18	71.58	6245	13.37
42	12.66	13.6	82.4	75.36	13729	6.06	77.27	79.31	13462	20.33	54.9	40.22	9245	1.49	97.01	33.33	31978	21.83	70.74	70.49	6130	14.31
mean	12.27	14.27	78.8	74.11	13209	5.39	78.28	78.74	13577	18.67	54.96	43.3	9250	1.99	95.9	20.63	31648	21.03	71.97	71.36	6233	13.99
std	0.58	1.33	3.42	2.95	510	0.77	1.01	0.64	143	1.44	0.28	2.75	22	0.57	1.94	18.03	584	0.72	1.15	0.78	97	0.54
																						
Qwen 3 1.7B s50 ALPS  [crashed/finished]																						wandb 038q8gps dqdxoshm	cosmos1030/alps-qwen3-1.7b-s50pct	https://wandb.ai/dyk6208-gwangju-institute-of-science-and-technology/reasoning_qwen3_1.7b_nostrip8192/runs/038q8gps https://wandb.ai/dyk6208-gwangju-institute-of-science-and-technology/reasoning_qwen3_1.7b_nostrip8192/runs/dqdxoshm
	avg5	math500				GPQA				IFEval				LCB				GSM8K				avg4 (no GPQA)
seed	accuracy	accuracy	truncation rate	correct truncation rate	avg tokens	accuracy	truncation rate	correct truncation rate	avg tokens	accuracy	truncation rate	correct truncation rate	avg tokens	accuracy	truncation rate	correct truncation rate	avg tokens	accuracy	truncation rate	correct truncation rate	avg tokens	accuracy
0	43.03	77.0	14.0	6.33	5354	23.23	14.14	8.0	5845	29.39	43.25	30.26	7810	12.69	40.3	0	22645	72.86	4.93	2.44	1424	47.98
1	42.34	72.4	16.4	9.05	5725	24.75	9.09	9.26	4941	28.65	44.92	34.6	8042	12.69	44.4	0	22787	73.24	4.93	3.4	1434	46.74
42	43.5	73.8	15.2	6.82	5580	26.77	10.1	7.02	5088	31.98	41.4	25.43	7513	12.69	45.52	0	23550	72.25	5.16	3.44	1458	47.68
mean	42.96	74.4	15.2	7.4	5553	24.92	11.11	8.09	5291	30.01	43.19	30.1	7788	12.69	43.41	0.0	22994	72.78	5.0	3.09	1439	47.47
std	0.58	2.36	1.2	1.45	187	1.77	2.67	1.12	485	1.75	1.76	4.59	265	0.0	2.75	0.0	486	0.5	0.13	0.57	17	0.65
																						
Qwen 3 1.7B s50 ALPS selfgen																						wandb hosevc69	/home1/doyoonkim/projects/elsa/models/qwen3_1.7b_alps_selfgen_v3_s50pct	https://wandb.ai/dyk6208-gwangju-institute-of-science-and-technology/reasoning_qwen3_1.7b_nostrip8192/runs/hosevc69
	avg5	math500				GPQA				IFEval				LCB				GSM8K				avg4 (no GPQA)
seed	accuracy	accuracy	truncation rate	correct truncation rate	avg tokens	accuracy	truncation rate	correct truncation rate	avg tokens	accuracy	truncation rate	correct truncation rate	avg tokens	accuracy	truncation rate	correct truncation rate	avg tokens	accuracy	truncation rate	correct truncation rate	avg tokens	accuracy
0	-	77.4	9.2	1.78	4931	-	-	-	-	44.36	22.18	14.29	4656	10.07	61.19	0	25967	82.11	3.49	1.01	2047	53.49
1	-	78.0	10.2	0.76	5066	-	-	-	-	41.77	25.32	15.04	5157	10.82	55.97	0	25103	81.5	2.73	0.56	2000	53.02
42	-	77.8	9.6	1.77	4759	-	-	-	-	42.33	24.03	16.12	4923	11.94	57.84	0	25492	82.87	2.35	0.36	1975	53.73
mean	-	77.73	9.67	1.44	4919	-	-	-	-	42.82	23.84	15.15	4912	10.95	58.33	0.0	25521	82.16	2.86	0.64	2008	53.41
std	-	0.31	0.5	0.58	154	-	-	-	-	1.36	1.58	0.92	251	0.94	2.65	0.0	432	0.68	0.58	0.33	37	0.36
																						
Qwen 3 1.7B s50 ALPS+retrain  [crashed/finished]																						wandb cwz9tepg cbjuilvr	cosmos1030/gmp-kd3e-1-s50pct-lr1e-4_20260811_191146	https://wandb.ai/dyk6208-gwangju-institute-of-science-and-technology/reasoning_qwen3_1.7b_nostrip8192/runs/cwz9tepg https://wandb.ai/dyk6208-gwangju-institute-of-science-and-technology/reasoning_qwen3_1.7b_nostrip8192/runs/cbjuilvr
	avg5	math500				GPQA				IFEval				LCB				GSM8K				avg4 (no GPQA)
seed	accuracy	accuracy	truncation rate	correct truncation rate	avg tokens	accuracy	truncation rate	correct truncation rate	avg tokens	accuracy	truncation rate	correct truncation rate	avg tokens	accuracy	truncation rate	correct truncation rate	avg tokens	accuracy	truncation rate	correct truncation rate	avg tokens	accuracy
0	48.55	77.0	14.2	3.02	6054	19.19	38.89	37.7	11882	47.32	22.55	9.22	5416	15.3	37.31	0	22891	83.93	4.93	0.9	2522	55.89
1	48.45	77.2	14.6	2.03	6089	17.68	38.89	35.19	11520	47.32	22.18	12.03	5318	16.04	38.43	0	23551	84.0	4.4	0.89	2516	56.14
42	49.66	77.2	14.2	2.77	6226	19.7	32.32	31.58	11200	51.02	23.48	10.39	5639	17.91	39.18	0	23247	82.49	5.69	1.27	2594	57.15
mean	48.89	77.13	14.33	2.61	6123	18.86	36.7	34.82	11534	48.55	22.74	10.55	5458	16.42	38.31	0.0	23230	83.47	5.0	1.02	2544	56.39
std	0.67	0.12	0.23	0.52	91	1.05	3.79	3.08	341	2.13	0.67	1.41	165	1.35	0.94	0.0	330	0.85	0.65	0.22	44	0.67
																						
Qwen 3 1.7B s50 Ours  [crashed/finished]																						wandb 7fh2glxs gm2zl3ol	cosmos1030/gmp-kd3e-1-s50pct-lr5e-5_20260901_071337	https://wandb.ai/dyk6208-gwangju-institute-of-science-and-technology/reasoning_qwen3_1.7b_nostrip8192/runs/7fh2glxs https://wandb.ai/dyk6208-gwangju-institute-of-science-and-technology/reasoning_qwen3_1.7b_nostrip8192/runs/gm2zl3ol
	avg5	math500				GPQA				IFEval				LCB				GSM8K				avg4 (no GPQA)
seed	accuracy	accuracy	truncation rate	correct truncation rate	avg tokens	accuracy	truncation rate	correct truncation rate	avg tokens	accuracy	truncation rate	correct truncation rate	avg tokens	accuracy	truncation rate	correct truncation rate	avg tokens	accuracy	truncation rate	correct truncation rate	avg tokens	accuracy
0	46.09	74.6	15.8	3.37	6048	19.19	36.87	32.14	11213	42.88	28.1	14.71	5883	10.45	57.84	0	25364	83.32	4.85	1.43	2325	52.81
1	47.98	76.8	15.0	3.27	5945	25.76	29.8	20.31	10985	39.56	30.13	20.15	6084	15.3	52.61	0	24391	82.49	5.23	1.45	2305	53.54
42	47.9	76.0	15.2	4.04	6181	25.25	32.83	28.57	10984	43.07	29.39	14.65	6015	11.57	55.22	0	24699	83.62	5.46	1.61	2281	53.56
mean	47.32	75.8	15.33	3.56	6058	23.4	33.16	27.01	11061	41.84	29.21	16.5	5994	12.44	55.22	0.0	24818	83.14	5.18	1.5	2304	53.3
std	1.07	1.11	0.42	0.42	118	3.65	3.55	6.07	132	1.98	1.03	3.16	102	2.54	2.61	0.0	497	0.59	0.31	0.09	22	0.43
																						
Qwen 3 1.7B s50 Ours w/o OPD (0.5/0.5/0)																						wandb 0z090sz5	cosmos1030/gmp-kd5e-1-s50pct-lr5e-5_20260916_221150	https://wandb.ai/dyk6208-gwangju-institute-of-science-and-technology/reasoning_qwen3_1.7b_nostrip8192/runs/0z090sz5
	avg5	math500				GPQA				IFEval				LCB				GSM8K				avg4 (no GPQA)
seed	accuracy	accuracy	truncation rate	correct truncation rate	avg tokens	accuracy	truncation rate	correct truncation rate	avg tokens	accuracy	truncation rate	correct truncation rate	avg tokens	accuracy	truncation rate	correct truncation rate	avg tokens	accuracy	truncation rate	correct truncation rate	avg tokens	accuracy
0	47.63	74.6	15.2	2.1	6036	26.26	25.25	14.75	10433	43.81	25.32	12.55	5730	10.45	37.69	0	23239	83.02	4.7	1.35	2359	52.97
1	46.22	75.8	15.0	3.07	5956	19.7	20.71	26.42	9702	42.14	24.03	12.98	5425	10.45	38.81	0	23399	83.02	3.94	0.99	2326	52.85
42	49.65	78.6	12.2	1.75	5911	27.27	23.74	12.9	10212	43.62	23.29	12.27	5394	15.67	38.43	0	23141	83.09	4.25	1.17	2316	55.25
mean	47.83	76.33	14.13	2.31	5968	24.41	23.23	18.02	10116	43.19	24.21	12.6	5516	12.19	38.31	0.0	23260	83.04	4.3	1.17	2334	53.69
std	1.72	2.05	1.68	0.68	63	4.11	2.31	7.33	375	0.91	1.03	0.36	186	3.02	0.57	0.0	131	0.04	0.38	0.18	22	1.35
																						
Qwen 3 1.7B s60 SparseGPT																						wandb ovo16qrk	cosmos1030/sparsegpt-qwen3-1.7b-s60pct	https://wandb.ai/dyk6208-gwangju-institute-of-science-and-technology/reasoning_qwen3_1.7b_nostrip8192/runs/ovo16qrk
	avg5	math500				GPQA				IFEval				LCB				GSM8K				avg4 (no GPQA)
seed	accuracy	accuracy	truncation rate	correct truncation rate	avg tokens	accuracy	truncation rate	correct truncation rate	avg tokens	accuracy	truncation rate	correct truncation rate	avg tokens	accuracy	truncation rate	correct truncation rate	avg tokens	accuracy	truncation rate	correct truncation rate	avg tokens	accuracy
0	2.29	0.0	4.6	100	791	0	2.02	-	366	11.46	9.61	16.22	1608	0	88.43	-	28983	0.0	87.64	100	7184	2.87
1	2.48	0.0	4.6	100	793	0.0	5.56	100	942	12.38	9.43	9.46	1577	0	90.3	-	29593	0.0	88.02	100	7216	3.1
42	2.48	0	3.2	-	564	0.0	3.03	100	531	12.38	7.76	9.46	1306	0	90.3	-	29594	0.0	87.64	100	7185	3.1
mean	2.42	0.0	4.13	100.0	716	0.0	3.54	100.0	613	12.08	8.93	11.71	1497	0.0	89.68	-	29390	0.0	87.77	100.0	7195	3.02
std	0.11	0.0	0.81	0.0	132	0.0	1.82	0.0	297	0.53	1.02	3.9	166	0.0	1.08	-	352	0.0	0.22	0.0	18	0.13
																						
Qwen 3 1.7B s60 SparseGPT selfgen  [crashed/finished]																						wandb 0gjczpqk nwqk6e7z	/home1/doyoonkim/projects/elsa/models/qwen3_1.7b_sgpt_s60pct_n128_selfgenv3	https://wandb.ai/dyk6208-gwangju-institute-of-science-and-technology/reasoning_qwen3_1.7b_nostrip8192/runs/0gjczpqk https://wandb.ai/dyk6208-gwangju-institute-of-science-and-technology/reasoning_qwen3_1.7b_nostrip8192/runs/nwqk6e7z
	avg5	math500				GPQA				IFEval				LCB				GSM8K				avg4 (no GPQA)
seed	accuracy	accuracy	truncation rate	correct truncation rate	avg tokens	accuracy	truncation rate	correct truncation rate	avg tokens	accuracy	truncation rate	correct truncation rate	avg tokens	accuracy	truncation rate	correct truncation rate	avg tokens	accuracy	truncation rate	correct truncation rate	avg tokens	accuracy
0	-	0.0	99.8	100	16351	-	-	-	-	0.0	100	100	16384	0	69.03	-	22704	0.0	99.77	100	8175	0.0
1	-	0.0	99.8	100	16351	-	-	-	-	0.0	99.82	100	16354	0	69.4	-	22743	0.0	99.77	100	8174	0.0
42	-	0.0	99.0	100	16220	-	-	-	-	0.0	100	100	16384	0	70.15	-	22988	0.3	99.47	98.54	8151	0.08
mean	-	0.0	99.53	100.0	16308	-	-	-	-	0.0	99.94	100.0	16374	0.0	69.53	-	22812	0.1	99.67	99.51	8166	0.03
std	-	0.0	0.46	0.0	76	-	-	-	-	0.0	0.11	0.0	17	0.0	0.57	-	154	0.18	0.18	0.84	14	0.04
																						
Qwen 3 1.7B s60 SparseLLM																						wandb umxtkeom	/home/doyoonkim/models/sparsellm_17b_s60	https://wandb.ai/dyk6208-gwangju-institute-of-science-and-technology/reasoning_qwen3_1.7b_nostrip8192/runs/umxtkeom
	avg5	math500				GPQA				IFEval				LCB				GSM8K				avg4 (no GPQA)
seed	accuracy	accuracy	truncation rate	correct truncation rate	avg tokens	accuracy	truncation rate	correct truncation rate	avg tokens	accuracy	truncation rate	correct truncation rate	avg tokens	accuracy	truncation rate	correct truncation rate	avg tokens	accuracy	truncation rate	correct truncation rate	avg tokens	accuracy
0	0.52	0.0	83.6	100	13698	0.51	37.88	94.44	6214	2.03	60.44	78.0	9907	0	64.55	-	21155	0.08	86.81	99.81	7113	0.53
1	0.33	0.0	82.8	100	13567	0.0	38.89	100	6380	1.66	57.67	80.85	9451	0	63.81	-	20910	0.0	89.01	100	7292	0.42
42	0.55	0.0	83.6	100	13698	0.0	39.39	100	6463	2.59	60.07	76.67	9845	0	70.9	-	23233	0.15	86.96	99.6	7124	0.68
mean	0.47	0.0	83.33	100.0	13655	0.17	38.72	98.15	6353	2.09	59.4	78.51	9734	0.0	66.42	-	21766	0.08	87.59	99.8	7176	0.54
std	0.12	0.0	0.46	0.0	76	0.29	0.77	3.21	127	0.47	1.51	2.14	247	0.0	3.9	-	1276	0.08	1.23	0.2	100	0.14
																						
Qwen 3 1.7B s60 ALPS																						wandb fb772nlt	cosmos1030/alps-qwen3-1.7b-s60pct	https://wandb.ai/dyk6208-gwangju-institute-of-science-and-technology/reasoning_qwen3_1.7b_nostrip8192/runs/fb772nlt
	avg5	math500				GPQA				IFEval				LCB				GSM8K				avg4 (no GPQA)
seed	accuracy	accuracy	truncation rate	correct truncation rate	avg tokens	accuracy	truncation rate	correct truncation rate	avg tokens	accuracy	truncation rate	correct truncation rate	avg tokens	accuracy	truncation rate	correct truncation rate	avg tokens	accuracy	truncation rate	correct truncation rate	avg tokens	accuracy
0	4.17	3.8	95.2	93.21	15746	14.65	46.97	48.21	8704	0.74	96.49	96.23	15822	0	72.39	-	23954	1.67	88.02	97.22	7282	1.55
1	4.06	3.0	96.4	94.7	15931	14.14	46.46	44.0	8553	0.74	96.3	96.3	15812	0	74.63	-	24692	2.43	87.34	95.93	7244	1.54
42	3.62	3.4	96.0	94.04	15860	11.62	45.45	53.06	8172	0.37	96.12	98.13	15775	0	68.28	-	22634	2.73	85.97	95.52	7141	1.62
mean	3.95	3.4	95.87	93.98	15846	13.47	46.3	48.43	8477	0.62	96.3	96.88	15803	0.0	71.77	-	23760	2.27	87.11	96.22	7223	1.57
std	0.29	0.4	0.61	0.74	93	1.62	0.77	4.53	274	0.21	0.18	1.08	25	0.0	3.22	-	1042	0.55	1.04	0.89	73	0.05
																						
Qwen 3 1.7B s60 ALPS selfgen																						wandb f3xn45oa	/home1/doyoonkim/projects/elsa/models/qwen3_1.7b_alps_selfgen_v3_s60pct	https://wandb.ai/dyk6208-gwangju-institute-of-science-and-technology/reasoning_qwen3_1.7b_nostrip8192/runs/f3xn45oa
	avg5	math500				GPQA				IFEval				LCB				GSM8K				avg4 (no GPQA)
seed	accuracy	accuracy	truncation rate	correct truncation rate	avg tokens	accuracy	truncation rate	correct truncation rate	avg tokens	accuracy	truncation rate	correct truncation rate	avg tokens	accuracy	truncation rate	correct truncation rate	avg tokens	accuracy	truncation rate	correct truncation rate	avg tokens	accuracy
0	-	30.8	44.6	33.33	8487	-	-	-	-	3.88	83.36	82.64	13756	0	100	-	32768	50.57	22.9	16.52	3276	21.31
1	-	28.0	51.4	39.91	9547	-	-	-	-	4.44	81.52	81.4	13448	0	99.63	-	32649	51.02	21.91	16.4	3301	20.86
42	-	26.4	51.0	42.61	9348	-	-	-	-	3.88	83.92	82.35	13866	0	98.88	-	32487	52.01	21.0	14.89	3254	20.57
mean	-	28.4	49.0	38.62	9127	-	-	-	-	4.07	82.93	82.13	13690	0.0	99.5	-	32635	51.2	21.94	15.94	3277	20.92
std	-	2.23	3.82	4.77	563	-	-	-	-	0.32	1.26	0.65	217	0.0	0.57	-	141	0.74	0.95	0.91	23	0.37
																						
Qwen 3 1.7B s60 ALPS+retrain																						wandb hzxoxhy6	cosmos1030/gmp-kd3e-1-s60pct-lr1e-4_20260811_213610	https://wandb.ai/dyk6208-gwangju-institute-of-science-and-technology/reasoning_qwen3_1.7b_nostrip8192/runs/hzxoxhy6
	avg5	math500				GPQA				IFEval				LCB				GSM8K				avg4 (no GPQA)
seed	accuracy	accuracy	truncation rate	correct truncation rate	avg tokens	accuracy	truncation rate	correct truncation rate	avg tokens	accuracy	truncation rate	correct truncation rate	avg tokens	accuracy	truncation rate	correct truncation rate	avg tokens	accuracy	truncation rate	correct truncation rate	avg tokens	accuracy
0	37.35	64.8	25.0	5.26	7924	7.58	68.18	64.29	13933	31.24	35.3	19.52	7606	7.46	74.25	0	27528	75.66	11.3	3.67	3563	44.79
1	38.24	64.4	28.0	7.47	8135	10.1	63.64	62.26	13557	32.9	34.38	17.97	7663	9.33	74.63	0	27624	74.45	11.68	3.63	3588	45.27
42	37.35	65.4	23.8	5.49	7948	8.08	67.17	68.63	13697	29.76	35.49	17.86	7714	7.46	70.52	0	26948	76.04	11.14	3.65	3552	44.67
mean	37.64	64.87	25.6	6.08	8002	8.59	66.33	65.06	13729	31.3	35.06	18.45	7661	8.08	73.13	0.0	27367	75.39	11.37	3.65	3568	44.91
std	0.51	0.5	2.16	1.21	116	1.34	2.39	3.25	190	1.57	0.59	0.93	54	1.08	2.27	0.0	366	0.83	0.27	0.02	19	0.32
																						
Qwen 3 1.7B s60 Ours																						wandb yee9525e	cosmos1030/gmp-kd3e-1-s60pct-lr5e-5_20260902_173413	https://wandb.ai/dyk6208-gwangju-institute-of-science-and-technology/reasoning_qwen3_1.7b_nostrip8192/runs/yee9525e
	avg5	math500				GPQA				IFEval				LCB				GSM8K				avg4 (no GPQA)
seed	accuracy	accuracy	truncation rate	correct truncation rate	avg tokens	accuracy	truncation rate	correct truncation rate	avg tokens	accuracy	truncation rate	correct truncation rate	avg tokens	accuracy	truncation rate	correct truncation rate	avg tokens	accuracy	truncation rate	correct truncation rate	avg tokens	accuracy
0	-	60.2	29.6	7.38	7884	-	-	-	-	29.39	45.66	27.73	8810	1.49	85.07	0	29838	75.59	11.6	3.58	3155	41.67
1	-	62.4	27.4	7.69	7611	-	-	-	-	26.99	49.35	27.72	9301	2.24	83.96	0	29153	76.27	10.92	3.27	3072	41.97
42	-	60.2	28.8	6.23	8065	-	-	-	-	25.32	46.58	29.38	8931	2.99	85.45	0	29815	75.66	11.75	3.67	3136	41.04
mean	-	60.93	28.6	7.1	7853	-	-	-	-	27.23	47.2	28.28	9014	2.24	84.83	0.0	29602	75.84	11.42	3.51	3121	41.56
std	-	1.27	1.11	0.77	229	-	-	-	-	2.04	1.92	0.96	256	0.75	0.78	0.0	389	0.37	0.44	0.21	44	0.47
																						
Qwen 3 1.7B s60 Ours w/o OPD (0.5/0.5/0)																						wandb p6wbr5vh	cosmos1030/gmp-kd5e-1-s60pct-lr5e-5_20260916_225506	https://wandb.ai/dyk6208-gwangju-institute-of-science-and-technology/reasoning_qwen3_1.7b_nostrip8192/runs/p6wbr5vh
	avg5	math500				GPQA				IFEval				LCB				GSM8K				avg4 (no GPQA)
seed	accuracy	accuracy	truncation rate	correct truncation rate	avg tokens	accuracy	truncation rate	correct truncation rate	avg tokens	accuracy	truncation rate	correct truncation rate	avg tokens	accuracy	truncation rate	correct truncation rate	avg tokens	accuracy	truncation rate	correct truncation rate	avg tokens	accuracy
0	34.64	61.8	27.4	6.36	7706	16.16	48.48	45.76	12140	19.78	56.01	36.31	10217	1.87	89.18	0	30165	73.62	11.68	3.96	3166	39.27
1	35.97	63.4	25.4	3.94	7639	15.66	45.96	52.31	12095	24.21	53.23	32.82	9849	1.12	86.57	0	30314	75.44	11.07	3.12	3190	41.04
42	34.81	62.0	27.0	4.32	7731	15.66	50.51	45.61	12244	20.7	53.05	33.73	9750	1.49	86.94	0	30072	74.22	12.51	3.45	3216	39.6
mean	35.14	62.4	26.6	4.87	7692	15.82	48.32	47.89	12160	21.57	54.1	34.29	9939	1.49	87.56	0.0	30183	74.43	11.75	3.51	3190	39.97
std	0.72	0.87	1.06	1.3	48	0.29	2.28	3.82	76	2.34	1.66	1.81	246	0.37	1.41	0.0	122	0.93	0.72	0.42	25	0.94
																						
Qwen 3 1.7B s70 SparseGPT																						wandb l8vhz473	cosmos1030/sparsegpt-qwen3-1.7b-s70pct	https://wandb.ai/dyk6208-gwangju-institute-of-science-and-technology/reasoning_qwen3_1.7b_nostrip8192/runs/l8vhz473
	avg5	math500				GPQA				IFEval				LCB				GSM8K				avg4 (no GPQA)
seed	accuracy	accuracy	truncation rate	correct truncation rate	avg tokens	accuracy	truncation rate	correct truncation rate	avg tokens	accuracy	truncation rate	correct truncation rate	avg tokens	accuracy	truncation rate	correct truncation rate	avg tokens	accuracy	truncation rate	correct truncation rate	avg tokens	accuracy
0	2.03	0	0.4	-	95	0.0	35.86	100	5893	10.17	30.87	21.43	5082	0	1.12	-	393	0	0.15	-	42	2.54
1	2.21	0	1.0	-	192	0.51	35.86	80.0	5892	10.54	28.65	14.93	4717	0	1.12	-	390	0	0.23	-	48	2.63
42	2.22	0	0.2	-	62	0.0	36.36	100	5977	11.09	29.21	21.05	4807	0	1.12	-	391	0	0.15	-	43	2.77
mean	2.15	0.0	0.53	-	116	0.17	36.03	93.33	5920	10.6	29.57	19.14	4868	0.0	1.12	-	391	0.0	0.18	-	44	2.65
std	0.1	0.0	0.42	-	68	0.29	0.29	11.55	49	0.47	1.15	3.65	190	0.0	0.0	-	1	0.0	0.04	-	3	0.12
																						
Qwen 3 1.7B s70 SparseGPT selfgen  [crashed/finished]																						wandb 7k37ndvr yi2emek3	/home1/doyoonkim/projects/elsa/models/qwen3_1.7b_sgpt_s70pct_n128_selfgenv3	https://wandb.ai/dyk6208-gwangju-institute-of-science-and-technology/reasoning_qwen3_1.7b_nostrip8192/runs/7k37ndvr https://wandb.ai/dyk6208-gwangju-institute-of-science-and-technology/reasoning_qwen3_1.7b_nostrip8192/runs/yi2emek3
	avg5	math500				GPQA				IFEval				LCB				GSM8K				avg4 (no GPQA)
seed	accuracy	accuracy	truncation rate	correct truncation rate	avg tokens	accuracy	truncation rate	correct truncation rate	avg tokens	accuracy	truncation rate	correct truncation rate	avg tokens	accuracy	truncation rate	correct truncation rate	avg tokens	accuracy	truncation rate	correct truncation rate	avg tokens	accuracy
0	-	0.0	97.0	100	15939	-	-	-	-	0.0	98.34	100	16134	0	32.46	-	10688	0.0	96.21	100	7882	0.0
1	-	0.0	96.4	100	15845	-	-	-	-	0.0	98.71	100	16187	0	36.19	-	11928	0.0	95.45	100	7822	0.0
42	-	0.0	96.8	100	15916	-	-	-	-	0.0	98.89	100	16202	0	32.84	-	10838	0.0	95.75	100	7844	0.0
mean	-	0.0	96.73	100.0	15900	-	-	-	-	0.0	98.64	100.0	16174	0.0	33.83	-	11151	0.0	95.8	100.0	7849	0.0
std	-	0.0	0.31	0.0	49	-	-	-	-	0.0	0.28	0.0	36	0.0	2.06	-	677	0.0	0.38	0.0	30	0.0
																						
Qwen 3 1.7B s70 SparseLLM  [crashed/finished]																						wandb xyw3a0cu 0d5r5pz8 fd8bhrdh	cosmos1030/sparsellm-qwen3-1.7b-s70pct	https://wandb.ai/dyk6208-gwangju-institute-of-science-and-technology/reasoning_qwen3_1.7b_nostrip8192/runs/xyw3a0cu https://wandb.ai/dyk6208-gwangju-institute-of-science-and-technology/reasoning_qwen3_1.7b_nostrip8192/runs/0d5r5pz8 https://wandb.ai/dyk6208-gwangju-institute-of-science-and-technology/reasoning_qwen3_1.7b_nostrip8192/runs/fd8bhrdh
	avg5	math500				GPQA				IFEval				LCB				GSM8K				avg4 (no GPQA)
seed	accuracy	accuracy	truncation rate	correct truncation rate	avg tokens	accuracy	truncation rate	correct truncation rate	avg tokens	accuracy	truncation rate	correct truncation rate	avg tokens	accuracy	truncation rate	correct truncation rate	avg tokens	accuracy	truncation rate	correct truncation rate	avg tokens	accuracy
0	0.11	0.0	99.8	100	16352	0.0	100	100	16384	0.55	87.43	95.31	14326	0	96.64	-	31668	0.0	86.13	100	7056	0.14
1	-	0.0	99.0	100	16221	-	-	-	-	0.74	88.17	93.94	14447	0	97.39	-	31912	0.0	86.88	100	7118	0.18
42	-	0.0	99.0	100	16221	-	-	-	-	0.55	87.62	96.05	14356	0	97.76	-	32034	0.0	85.82	100	7031	0.14
mean	-	0.0	99.27	100.0	16265	-	-	-	-	0.62	87.74	95.1	14376	0.0	97.26	-	31871	0.0	86.28	100.0	7068	0.15
std	-	0.0	0.46	0.0	75	-	-	-	-	0.11	0.38	1.07	63	0.0	0.57	-	187	0.0	0.55	0.0	45	0.03
																						
Qwen 3 1.7B s70 ALPS																						wandb 0751lhxv	cosmos1030/alps-qwen3-1.7b-s70pct	https://wandb.ai/dyk6208-gwangju-institute-of-science-and-technology/reasoning_qwen3_1.7b_nostrip8192/runs/0751lhxv
	avg5	math500				GPQA				IFEval				LCB				GSM8K				avg4 (no GPQA)
seed	accuracy	accuracy	truncation rate	correct truncation rate	avg tokens	accuracy	truncation rate	correct truncation rate	avg tokens	accuracy	truncation rate	correct truncation rate	avg tokens	accuracy	truncation rate	correct truncation rate	avg tokens	accuracy	truncation rate	correct truncation rate	avg tokens	accuracy
0	0.11	0.0	99.6	100	16319	0.0	99.49	100	16302	0.55	97.97	95.65	16051	0	98.13	-	32235	0.0	95.91	100	7857	0.14
1	0.11	0.0	99.8	100	16351	0.0	100	100	16384	0.55	97.41	95.31	15985	0	98.13	-	32182	0.0	94.16	100	7715	0.14
42	0.09	0.0	99.4	100	16286	0.0	100	100	16384	0.37	95.93	96.83	15754	0	97.39	-	32029	0.08	95.38	98.96	7814	0.11
mean	0.1	0.0	99.6	100.0	16319	0.0	99.83	100.0	16357	0.49	97.1	95.93	15930	0.0	97.89	-	32149	0.03	95.15	99.65	7795	0.13
std	0.01	0.0	0.2	0.0	33	0.0	0.29	0.0	48	0.11	1.05	0.79	156	0.0	0.43	-	107	0.04	0.89	0.6	73	0.02
																						
Qwen 3 1.7B s70 ALPS selfgen																						wandb pbroz1nr	/home1/doyoonkim/projects/elsa/models/qwen3_1.7b_alps_selfgen_v3_s70pct	https://wandb.ai/dyk6208-gwangju-institute-of-science-and-technology/reasoning_qwen3_1.7b_nostrip8192/runs/pbroz1nr
	avg5	math500				GPQA				IFEval				LCB				GSM8K				avg4 (no GPQA)
seed	accuracy	accuracy	truncation rate	correct truncation rate	avg tokens	accuracy	truncation rate	correct truncation rate	avg tokens	accuracy	truncation rate	correct truncation rate	avg tokens	accuracy	truncation rate	correct truncation rate	avg tokens	accuracy	truncation rate	correct truncation rate	avg tokens	accuracy
0	-	0.2	64.4	96.3	10563	-	-	-	-	6.47	57.86	53.95	9489	0	0.37	-	150	0.0	2.73	100	245	1.67
1	-	0.0	62.2	100	10232	-	-	-	-	5.36	59.52	59.72	9762	0	0.75	-	271	0.0	3.71	100	326	1.34
42	-	0.8	64.2	88.89	10538	-	-	-	-	6.84	58.04	49.32	9519	0	0.75	-	271	0.0	3.56	100	314	1.91
mean	-	0.33	63.6	95.06	10445	-	-	-	-	6.22	58.47	54.33	9590	0.0	0.62	-	231	0.0	3.34	100.0	295	1.64
std	-	0.42	1.22	5.66	184	-	-	-	-	0.77	0.91	5.21	150	0.0	0.22	-	70	0.0	0.53	0.0	44	0.29
																						
Qwen 3 1.7B s70 ALPS+retrain																						wandb jnh2a153	cosmos1030/gmp-kd3e-1-s70pct-lr5e-5_20260811_231644	https://wandb.ai/dyk6208-gwangju-institute-of-science-and-technology/reasoning_qwen3_1.7b_nostrip8192/runs/jnh2a153
	avg5	math500				GPQA				IFEval				LCB				GSM8K				avg4 (no GPQA)
seed	accuracy	accuracy	truncation rate	correct truncation rate	avg tokens	accuracy	truncation rate	correct truncation rate	avg tokens	accuracy	truncation rate	correct truncation rate	avg tokens	accuracy	truncation rate	correct truncation rate	avg tokens	accuracy	truncation rate	correct truncation rate	avg tokens	accuracy
0	5.55	11.6	84.0	58.27	14805	3.54	91.41	86.27	15296	1.29	97.04	93.14	15928	0	100	-	32768	11.3	83.85	71.01	7580	6.05
1	5.27	9.0	86.2	67.39	14981	4.04	89.9	84.31	15099	0.55	96.12	97.17	15787	0	100	-	32768	12.74	82.56	68.0	7520	5.57
42	5.16	10.0	86.2	61.54	15025	1.52	95.45	94.12	15836	0.92	96.67	94.85	15865	0	100	-	32768	13.34	82.56	67.88	7501	6.07
mean	5.32	10.2	85.47	62.4	14937	3.03	92.26	88.24	15410	0.92	96.61	95.05	15860	0.0	100.0	-	32768	12.46	82.99	68.96	7534	5.9
std	0.2	1.31	1.27	4.62	116	1.34	2.87	5.19	382	0.37	0.47	2.02	71	0.0	0.0	-	0	1.05	0.74	1.77	42	0.28
																						
Qwen 3 1.7B s70 Ours																						wandb am3govuj	cosmos1030/gmp-kd3e-1-s70pct-lr1e-4_20260901_084730	https://wandb.ai/dyk6208-gwangju-institute-of-science-and-technology/reasoning_qwen3_1.7b_nostrip8192/runs/am3govuj
	avg5	math500				GPQA				IFEval				LCB				GSM8K				avg4 (no GPQA)
seed	accuracy	accuracy	truncation rate	correct truncation rate	avg tokens	accuracy	truncation rate	correct truncation rate	avg tokens	accuracy	truncation rate	correct truncation rate	avg tokens	accuracy	truncation rate	correct truncation rate	avg tokens	accuracy	truncation rate	correct truncation rate	avg tokens	accuracy
0	20.33	39.4	47.2	10.86	10520	3.03	88.38	86.36	15196	7.58	81.7	68.94	13955	0.75	96.27	0	31904	50.87	36.39	18.86	5287	24.65
1	21.58	43.2	44.8	6.9	10278	4.04	86.36	82.61	14897	7.21	81.89	69.29	13950	1.49	96.27	0	31835	51.93	37.15	17.87	5301	25.96
42	21.15	41.2	47.2	11.59	10502	1.52	83.84	93.88	14723	10.54	78.93	58.7	13515	1.12	95.9	0	31697	51.4	36.62	19.86	5275	26.06
mean	21.02	41.27	46.4	9.78	10433	2.86	86.2	87.62	14939	8.44	80.84	65.64	13807	1.12	96.14	0.0	31812	51.4	36.72	18.86	5288	25.56
std	0.64	1.9	1.39	2.52	135	1.27	2.28	5.74	240	1.82	1.66	6.02	253	0.37	0.22	0.0	105	0.53	0.39	1.0	13	0.79
																						
Qwen 3 1.7B s70 Ours w/o OPD (0.5/0.5/0)																						wandb hlnkd7jt	cosmos1030/gmp-kd5e-1-s70pct-lr1e-4_20260915_124804	https://wandb.ai/dyk6208-gwangju-institute-of-science-and-technology/reasoning_qwen3_1.7b_nostrip8192/runs/hlnkd7jt
	avg5	math500				GPQA				IFEval				LCB				GSM8K				avg4 (no GPQA)
seed	accuracy	accuracy	truncation rate	correct truncation rate	avg tokens	accuracy	truncation rate	correct truncation rate	avg tokens	accuracy	truncation rate	correct truncation rate	avg tokens	accuracy	truncation rate	correct truncation rate	avg tokens	accuracy	truncation rate	correct truncation rate	avg tokens	accuracy
0	22.2	39.6	43.8	10.41	10091	5.56	74.24	78.0	13824	10.72	70.24	53.6	12180	0	88.81	-	30047	55.12	21.91	6.31	4208	26.36
1	22.26	42.0	37.8	7.08	9643	6.06	74.24	73.91	14024	7.21	68.76	64.22	12036	0.37	90.67	0	30686	55.65	22.21	5.53	4257	26.31
42	21.95	39.0	43.6	9.72	10342	5.05	74.75	71.43	13754	9.24	69.87	58.68	12135	0	89.18	-	30187	56.48	22.06	6.17	4236	26.18
mean	22.14	40.2	41.73	9.07	10025	5.56	74.41	74.45	13867	9.06	69.62	58.83	12117	0.12	89.55	-	30307	55.75	22.06	6.01	4233	26.28
std	0.16	1.59	3.41	1.76	354	0.51	0.29	3.32	140	1.76	0.77	5.31	74	0.22	0.99	-	336	0.69	0.15	0.42	25	0.09
																						
Qwen 3 1.7B s70 Cubic schedule, no PGD (pace-matched)																						wandb du55q0hb	cosmos1030/gmp-kd3e-1-1.7b-s70pct-lr1e-4_20260923_062543	https://wandb.ai/dyk6208-gwangju-institute-of-science-and-technology/reasoning_qwen3_1.7b_nostrip8192/runs/du55q0hb
	avg5	math500				GPQA				IFEval				LCB				GSM8K				avg4 (no GPQA)
seed	accuracy	accuracy	truncation rate	correct truncation rate	avg tokens	accuracy	truncation rate	correct truncation rate	avg tokens	accuracy	truncation rate	correct truncation rate	avg tokens	accuracy	truncation rate	correct truncation rate	avg tokens	accuracy	truncation rate	correct truncation rate	avg tokens	accuracy
0	-	44.2	43.8	11.6	10328	-	-	-	-	4.44	86.32	80.49	14662	0.37	94.03	50.0	31426	54.97	31.61	13.07	4941	25.99
1	-	43.4	45.4	10.33	10311	-	-	-	-	5.36	84.66	77.17	14346	0.37	94.4	0	31367	54.59	31.08	16.47	4988	25.93
42	-	43.0	45.4	10.79	10441	-	-	-	-	6.65	83.92	74.47	14263	0.37	95.52	0	31794	55.42	30.86	15.1	4904	26.36
mean	-	43.53	44.87	10.91	10360	-	-	-	-	5.48	84.97	77.37	14424	0.37	94.65	16.67	31529	54.99	31.19	14.88	4945	26.1
std	-	0.61	0.92	0.64	71	-	-	-	-	1.11	1.23	3.02	211	0.0	0.78	28.87	231	0.42	0.39	1.71	42	0.23
																						
Qwen 3 1.7B s80 Ours																						wandb 8nqwbomy	cosmos1030/gmp-kd3e-1-s80pct-lr1e-4_20260916_044553	https://wandb.ai/dyk6208-gwangju-institute-of-science-and-technology/reasoning_qwen3_1.7b_nostrip8192/runs/8nqwbomy
	avg5	math500				GPQA				IFEval				LCB				GSM8K				avg4 (no GPQA)
seed	accuracy	accuracy	truncation rate	correct truncation rate	avg tokens	accuracy	truncation rate	correct truncation rate	avg tokens	accuracy	truncation rate	correct truncation rate	avg tokens	accuracy	truncation rate	correct truncation rate	avg tokens	accuracy	truncation rate	correct truncation rate	avg tokens	accuracy
0	0.33	0.8	98.2	90.91	16217	0.0	100	100	16384	0.0	99.82	100	16354	0	100	-	32768	0.83	98.56	95.8	8146	0.41
1	0.38	1.0	97.6	88.89	16155	0.0	100	100	16384	0.0	100	100	16384	0	100	-	32768	0.91	98.41	95.35	8145	0.48
42	0.6	1.6	96.0	80.49	16021	0.51	99.49	98.36	16324	0.0	99.82	100	16367	0	100	-	32768	0.91	98.71	95.33	8148	0.63
mean	0.44	1.13	97.27	86.76	16131	0.17	99.83	99.45	16364	0.0	99.88	100.0	16368	0.0	100.0	-	32768	0.88	98.56	95.49	8147	0.5
std	0.15	0.42	1.14	5.53	100	0.29	0.29	0.95	35	0.0	0.11	0.0	15	0.0	0.0	-	0	0.04	0.15	0.27	1	0.11
																						
