Qwen 3 4B dense																						wandb b2rdczje	/home1/doyoonkim/.cache/huggingface/hub/models--Qwen--Qwen3-4B/snapshots/1cfa9a7208912126459214e8b04321603b3df60c	https://wandb.ai/dyk6208-gwangju-institute-of-science-and-technology/reasoning_qwen3_4b_nostrip8192/runs/b2rdczje
	avg5	math500				GPQA				IFEval				LCB				GSM8K				avg4 (no GPQA)
seed	accuracy	accuracy	truncation rate	correct truncation rate	avg tokens	accuracy	truncation rate	correct truncation rate	avg tokens	accuracy	truncation rate	correct truncation rate	avg tokens	accuracy	truncation rate	correct truncation rate	avg tokens	accuracy	truncation rate	correct truncation rate	avg tokens	accuracy
0	74.99	94.8	2.4	0.21	3873	53.54	3.03	0.94	6405	81.33	2.03	1.36	1415	51.49	2.61	0	14383	93.78	0.99	0.24	1779	80.35
1	75.28	94.6	3.2	0	3952	52.02	3.54	0.97	6261	83.55	1.66	0.22	1295	52.61	1.87	0	14240	93.63	1.06	0.24	1724	81.1
42	74.99	93.8	3.6	0.85	3995	53.03	4.55	1.9	6494	80.78	2.4	0.92	1365	53.73	2.99	0	13934	93.63	0.76	0.08	1757	80.48
mean	75.09	94.4	3.07	0.35	3940	52.86	3.7	1.27	6387	81.89	2.03	0.83	1358	52.61	2.49	0.0	14186	93.68	0.94	0.19	1753	80.64
std	0.17	0.53	0.61	0.44	62	0.77	0.77	0.55	118	1.47	0.37	0.58	60	1.12	0.57	0.0	229	0.09	0.16	0.09	27	0.4
																						
Qwen 3 4B s50 SparseGPT																						wandb flex5m8x	cosmos1030/sparsegpt-qwen3-4b-s50pct	https://wandb.ai/dyk6208-gwangju-institute-of-science-and-technology/reasoning_qwen3_4b_nostrip8192/runs/flex5m8x
	avg5	math500				GPQA				IFEval				LCB				GSM8K				avg4 (no GPQA)
seed	accuracy	accuracy	truncation rate	correct truncation rate	avg tokens	accuracy	truncation rate	correct truncation rate	avg tokens	accuracy	truncation rate	correct truncation rate	avg tokens	accuracy	truncation rate	correct truncation rate	avg tokens	accuracy	truncation rate	correct truncation rate	avg tokens	accuracy
0	60.81	87.0	12.4	2.76	5739	37.37	32.32	17.57	10723	65.06	26.8	15.06	5735	24.25	64.93	0	25241	90.37	5.53	1.09	2592	66.67
1	59.94	85.4	13.8	3.75	5841	37.37	29.29	22.97	10308	63.4	29.02	18.37	6049	22.01	65.3	0	25247	91.51	5.23	1.66	2587	65.58
42	59.06	85.6	12.8	1.64	5790	35.86	26.77	11.27	10309	61.74	29.57	18.26	6062	20.9	68.66	1.79	26008	91.21	5.46	1.5	2634	64.86
mean	59.94	86.0	13.0	2.71	5790	36.87	29.46	17.27	10447	63.4	28.47	17.23	5949	22.39	66.29	0.6	25499	91.03	5.41	1.41	2604	65.7
std	0.88	0.87	0.72	1.06	51	0.87	2.78	5.86	240	1.66	1.47	1.88	185	1.71	2.06	1.03	441	0.59	0.16	0.29	26	0.91
																						
Qwen 3 4B s50 SparseGPT selfgen																						wandb pho3cqwf	/home1/doyoonkim/projects/elsa/models/qwen3_4b_sgpt_s50pct_n128_selfgenv3	https://wandb.ai/dyk6208-gwangju-institute-of-science-and-technology/reasoning_qwen3_4b_nostrip8192/runs/pho3cqwf
	avg5	math500				GPQA				IFEval				LCB				GSM8K				avg4 (no GPQA)
seed	accuracy	accuracy	truncation rate	correct truncation rate	avg tokens	accuracy	truncation rate	correct truncation rate	avg tokens	accuracy	truncation rate	correct truncation rate	avg tokens	accuracy	truncation rate	correct truncation rate	avg tokens	accuracy	truncation rate	correct truncation rate	avg tokens	accuracy
0	61.17	89.0	8.2	1.57	4788	41.92	27.78	16.87	9624	58.96	29.39	16.3	6359	26.12	58.21	0	23888	89.84	4.93	1.69	2705	65.98
1	63.07	89.4	8.4	1.12	4756	46.97	28.79	24.73	9949	59.7	29.39	17.03	6318	28.73	52.61	0	23431	90.52	4.93	1.34	2693	67.09
42	61.93	88.8	7.4	1.13	4824	37.88	27.27	20.0	9701	59.7	30.87	18.58	6514	32.46	51.12	0	22630	90.83	4.7	1.34	2657	67.95
mean	62.06	89.07	8.0	1.27	4789	42.26	27.95	20.53	9758	59.46	29.88	17.3	6397	29.1	53.98	0.0	23317	90.4	4.85	1.45	2685	67.01
std	0.95	0.31	0.53	0.26	34	4.55	0.77	3.96	169	0.43	0.85	1.16	103	3.19	3.74	0.0	637	0.5	0.13	0.2	25	0.99
																						
Qwen 3 4B s50 SparseLLM																						wandb diarqepu	/home/doyoonkim/models/sparsellm_4b_s50	https://wandb.ai/dyk6208-gwangju-institute-of-science-and-technology/reasoning_qwen3_4b_nostrip8192/runs/diarqepu
	avg5	math500				GPQA				IFEval				LCB				GSM8K				avg4 (no GPQA)
seed	accuracy	accuracy	truncation rate	correct truncation rate	avg tokens	accuracy	truncation rate	correct truncation rate	avg tokens	accuracy	truncation rate	correct truncation rate	avg tokens	accuracy	truncation rate	correct truncation rate	avg tokens	accuracy	truncation rate	correct truncation rate	avg tokens	accuracy
0	63.64	90.2	6.8	0.67	4059	36.36	17.68	13.89	8503	68.21	18.85	10.03	4455	32.46	39.55	0	21202	90.98	2.05	0.5	1807	70.46
1	64.32	90.2	6.8	0.89	4137	42.93	14.14	11.76	7894	65.43	19.59	8.19	4440	32.84	39.55	0	21132	90.22	2.5	0.67	1839	69.67
42	64.44	89.2	6.8	1.12	4085	40.4	14.65	13.75	7905	67.84	17.56	8.17	4193	33.96	38.81	0	21018	90.83	2.27	0.67	1829	70.45
mean	64.14	89.87	6.8	0.89	4093	39.9	15.49	13.13	8101	67.16	18.67	8.8	4362	33.08	39.3	0.0	21117	90.67	2.27	0.61	1825	70.2
std	0.43	0.58	0.0	0.23	40	3.31	1.91	1.19	349	1.51	1.03	1.06	147	0.78	0.43	0.0	93	0.4	0.23	0.1	16	0.45
																						
Qwen 3 4B s50 ALPS																						wandb kdimp4bo	cosmos1030/alps-qwen3-4b-s50pct	https://wandb.ai/dyk6208-gwangju-institute-of-science-and-technology/reasoning_qwen3_4b_nostrip8192/runs/kdimp4bo
	avg5	math500				GPQA				IFEval				LCB				GSM8K				avg4 (no GPQA)
seed	accuracy	accuracy	truncation rate	correct truncation rate	avg tokens	accuracy	truncation rate	correct truncation rate	avg tokens	accuracy	truncation rate	correct truncation rate	avg tokens	accuracy	truncation rate	correct truncation rate	avg tokens	accuracy	truncation rate	correct truncation rate	avg tokens	accuracy
0	65.35	92.2	5.4	1.08	4195	39.9	17.17	11.39	8517	69.32	18.85	8.27	4788	33.58	29.85	0	19876	91.74	3.11	0.83	2271	71.71
1	64.51	92.4	5.6	0.87	4227	40.4	15.15	15.0	8297	67.28	18.11	7.14	4656	30.6	32.09	0	19950	91.89	3.34	0.99	2327	70.54
42	64.56	91.8	6.6	1.74	4301	38.89	14.65	6.49	8342	68.21	20.52	10.03	4943	32.09	30.6	0	20100	91.81	2.81	0.33	2281	70.98
mean	64.81	92.13	5.87	1.23	4241	39.73	15.66	10.96	8385	68.27	19.16	8.48	4795	32.09	30.85	0.0	19975	91.81	3.08	0.72	2293	71.08
std	0.47	0.31	0.64	0.46	54	0.77	1.34	4.27	116	1.02	1.23	1.45	143	1.49	1.14	0.0	115	0.08	0.27	0.34	30	0.59
																						
Qwen 3 4B s50 ALPS selfgen																						wandb 8yyyu8ow	/home1/doyoonkim/projects/elsa/models/qwen3_4b_alps_selfgen_v3_s50pct	https://wandb.ai/dyk6208-gwangju-institute-of-science-and-technology/reasoning_qwen3_4b_nostrip8192/runs/8yyyu8ow
	avg5	math500				GPQA				IFEval				LCB				GSM8K				avg4 (no GPQA)
seed	accuracy	accuracy	truncation rate	correct truncation rate	avg tokens	accuracy	truncation rate	correct truncation rate	avg tokens	accuracy	truncation rate	correct truncation rate	avg tokens	accuracy	truncation rate	correct truncation rate	avg tokens	accuracy	truncation rate	correct truncation rate	avg tokens	accuracy
0	65.92	92.4	5.4	1.3	4474	40.91	13.13	7.41	8401	68.95	14.79	6.17	3934	35.45	33.58	0	20543	91.89	2.73	0.99	2214	72.17
1	65.54	90.2	6.6	0.67	4513	41.92	15.15	16.87	8814	66.91	16.45	5.8	4142	36.94	38.81	0	20878	91.74	3.26	0.83	2227	71.45
42	65.39	91.0	6.6	1.32	4427	41.41	12.63	4.88	8121	67.65	15.9	8.74	4084	35.07	35.07	0	20891	91.81	3.56	0.91	2244	71.38
mean	65.62	91.2	6.2	1.09	4471	41.41	13.64	9.72	8445	67.84	15.71	6.9	4054	35.82	35.82	0.0	20771	91.81	3.18	0.91	2228	71.67
std	0.27	1.11	0.69	0.37	43	0.51	1.34	6.32	349	1.03	0.85	1.6	107	0.99	2.69	0.0	197	0.08	0.42	0.08	15	0.44
																						
Qwen 3 4B s50 ALPS+retrain																						wandb kkpyvjam	cosmos1030/gmp-kd3e-1-s50pct-lr5e-5_20260812_132642	https://wandb.ai/dyk6208-gwangju-institute-of-science-and-technology/reasoning_qwen3_4b_nostrip8192/runs/kkpyvjam
	avg5	math500				GPQA				IFEval				LCB				GSM8K				avg4 (no GPQA)
seed	accuracy	accuracy	truncation rate	correct truncation rate	avg tokens	accuracy	truncation rate	correct truncation rate	avg tokens	accuracy	truncation rate	correct truncation rate	avg tokens	accuracy	truncation rate	correct truncation rate	avg tokens	accuracy	truncation rate	correct truncation rate	avg tokens	accuracy
0	66.88	92.0	5.2	0.87	4440	41.41	17.17	12.2	9662	70.61	9.43	4.45	2972	39.55	19.78	0	18249	90.83	1.67	0.25	2098	73.25
1	68.38	91.4	5.8	1.09	4399	45.45	19.19	16.67	9958	74.12	8.32	5.49	2905	39.93	19.78	0	18483	90.98	1.44	0.5	2078	74.11
42	68.16	93.0	6.4	2.15	4469	44.95	19.7	10.11	9512	68.95	11.09	3.49	3262	43.28	18.28	0	18266	90.6	1.52	0.42	2075	73.96
mean	67.8	92.13	5.8	1.37	4436	43.94	18.69	12.99	9711	71.23	9.61	4.47	3047	40.92	19.28	0.0	18333	90.8	1.54	0.39	2084	73.77
std	0.81	0.81	0.6	0.68	36	2.2	1.34	3.35	227	2.64	1.4	1.0	190	2.06	0.86	0.0	130	0.19	0.12	0.13	13	0.46
																						
Qwen 3 4B s50 Ours																						wandb s6b09k8f	cosmos1030/gmp-kd3e-1-s50pct-lr5e-5_20260901_060006	https://wandb.ai/dyk6208-gwangju-institute-of-science-and-technology/reasoning_qwen3_4b_nostrip8192/runs/s6b09k8f
	avg5	math500				GPQA				IFEval				LCB				GSM8K				avg4 (no GPQA)
seed	accuracy	accuracy	truncation rate	correct truncation rate	avg tokens	accuracy	truncation rate	correct truncation rate	avg tokens	accuracy	truncation rate	correct truncation rate	avg tokens	accuracy	truncation rate	correct truncation rate	avg tokens	accuracy	truncation rate	correct truncation rate	avg tokens	accuracy
0	68.69	92.2	5.4	1.08	4514	45.96	14.14	8.79	8837	70.79	14.42	7.31	3426	41.42	17.16	0	17787	93.1	1.59	0.33	1962	74.38
1	67.79	92.2	6.0	0.22	4476	42.93	13.13	8.24	8486	68.39	14.42	7.57	3443	42.91	17.16	0	17621	92.49	1.9	0.49	1950	74.0
42	68.36	90.6	6.0	0.88	4628	46.97	11.11	8.6	8377	69.5	14.23	8.24	3529	42.91	16.04	0	17761	91.81	1.67	0.41	1944	73.71
mean	68.28	91.67	5.8	0.73	4539	45.29	12.79	8.54	8567	69.56	14.36	7.71	3466	42.41	16.79	0.0	17723	92.47	1.72	0.41	1952	74.03
std	0.46	0.92	0.35	0.45	79	2.1	1.54	0.28	240	1.2	0.11	0.48	55	0.86	0.65	0.0	89	0.64	0.16	0.08	9	0.34
																						
Qwen 3 4B s50 Ours w/o OPD (0.5/0.5/0)																						wandb prxftopo	cosmos1030/gmp-kd5e-1-s50pct-lr5e-5_20260915_130503	https://wandb.ai/dyk6208-gwangju-institute-of-science-and-technology/reasoning_qwen3_4b_nostrip8192/runs/prxftopo
	avg5	math500				GPQA				IFEval				LCB				GSM8K				avg4 (no GPQA)
seed	accuracy	accuracy	truncation rate	correct truncation rate	avg tokens	accuracy	truncation rate	correct truncation rate	avg tokens	accuracy	truncation rate	correct truncation rate	avg tokens	accuracy	truncation rate	correct truncation rate	avg tokens	accuracy	truncation rate	correct truncation rate	avg tokens	accuracy
0	70.17	90.8	5.6	0.66	4446	52.02	11.11	5.83	8357	73.01	10.35	5.32	2834	44.03	8.21	0	16104	90.98	1.9	0.75	1807	74.71
1	68.35	91.8	5.4	0.65	4533	44.95	11.62	5.62	8553	70.61	11.28	7.07	2922	44.4	8.96	0	16545	89.99	1.59	0.34	1838	74.2
42	69.09	91.8	5.4	0.87	4406	44.95	11.11	6.74	8510	72.27	9.8	4.6	2738	45.15	12.31	0	17174	91.28	1.36	0.25	1805	75.13
mean	69.2	91.47	5.47	0.73	4462	47.31	11.28	6.06	8473	71.97	10.47	5.66	2831	44.53	9.83	0.0	16607	90.75	1.62	0.45	1817	74.68
std	0.91	0.58	0.12	0.12	65	4.08	0.29	0.6	103	1.23	0.75	1.27	92	0.57	2.19	0.0	538	0.67	0.27	0.27	18	0.46
																						
Qwen 3 4B s50 Ours w/o rollout refresh  [1/3 seeds complete]																						wandb stytmxbt	cosmos1030/gmp-kd3e-1-s50pct-lr5e-5_20260903_080351	https://wandb.ai/dyk6208-gwangju-institute-of-science-and-technology/reasoning_qwen3_4b_nostrip8192/runs/stytmxbt
	avg5	math500				GPQA				IFEval				LCB				GSM8K				avg4 (no GPQA)
seed	accuracy	accuracy	truncation rate	correct truncation rate	avg tokens	accuracy	truncation rate	correct truncation rate	avg tokens	accuracy	truncation rate	correct truncation rate	avg tokens	accuracy	truncation rate	correct truncation rate	avg tokens	accuracy	truncation rate	correct truncation rate	avg tokens	accuracy
42	68.64	91.4	7.0	1.97	4586	46.97	13.64	7.53	8733	71.9	14.05	7.97	3444	41.04	18.66	0	18483	91.89	1.97	0.66	1941	74.06
																						
Qwen 3 4B s50 Ours, cubic schedule (pace-matched)  [1/3 seeds complete]																						wandb 0n389gjf	cosmos1030/gmp-kd3e-1-s50pct-lr5e-5_20260903_142204	https://wandb.ai/dyk6208-gwangju-institute-of-science-and-technology/reasoning_qwen3_4b_nostrip8192/runs/0n389gjf
	avg5	math500				GPQA				IFEval				LCB				GSM8K				avg4 (no GPQA)
seed	accuracy	accuracy	truncation rate	correct truncation rate	avg tokens	accuracy	truncation rate	correct truncation rate	avg tokens	accuracy	truncation rate	correct truncation rate	avg tokens	accuracy	truncation rate	correct truncation rate	avg tokens	accuracy	truncation rate	correct truncation rate	avg tokens	accuracy
42	69.1	91.2	7.6	2.19	4656	47.98	9.09	5.26	8794	67.84	15.53	6.54	3614	46.27	15.3	0	17393	92.19	0.99	0.25	1839	74.37
																						
Qwen 3 4B s60 SparseGPT																						wandb rp0bi9rd	cosmos1030/sparsegpt-qwen3-4b-s60pct	https://wandb.ai/dyk6208-gwangju-institute-of-science-and-technology/reasoning_qwen3_4b_nostrip8192/runs/rp0bi9rd
	avg5	math500				GPQA				IFEval				LCB				GSM8K				avg4 (no GPQA)
seed	accuracy	accuracy	truncation rate	correct truncation rate	avg tokens	accuracy	truncation rate	correct truncation rate	avg tokens	accuracy	truncation rate	correct truncation rate	avg tokens	accuracy	truncation rate	correct truncation rate	avg tokens	accuracy	truncation rate	correct truncation rate	avg tokens	accuracy
0	33.92	53.6	100	100	16384	23.23	99.49	100	16331	20.89	97.41	94.69	16074	0.37	100	100	32768	71.49	99.7	99.58	8174	36.59
1	36.38	54.0	99.8	100	16380	30.81	99.49	98.36	16339	23.48	95.93	87.4	15815	0	100	-	32768	73.62	99.85	99.9	8185	37.77
42	33.97	53.4	100	100	16384	21.21	100	100	16384	22.74	97.41	91.87	16024	0	100	-	32768	72.48	99.92	99.9	8191	37.15
mean	34.75	53.67	99.93	100.0	16383	25.08	99.66	99.45	16351	22.37	96.92	91.32	15971	0.12	100.0	-	32768	72.53	99.82	99.79	8183	37.17
std	1.41	0.31	0.12	0.0	2	5.06	0.29	0.95	29	1.33	0.85	3.68	137	0.22	0.0	-	0	1.06	0.12	0.18	8	0.59
																						
Qwen 3 4B s60 SparseGPT selfgen																						wandb 8fdustqf	/home1/doyoonkim/projects/elsa/models/qwen3_4b_sgpt_s60pct_n128_selfgenv3	https://wandb.ai/dyk6208-gwangju-institute-of-science-and-technology/reasoning_qwen3_4b_nostrip8192/runs/8fdustqf
	avg5	math500				GPQA				IFEval				LCB				GSM8K				avg4 (no GPQA)
seed	accuracy	accuracy	truncation rate	correct truncation rate	avg tokens	accuracy	truncation rate	correct truncation rate	avg tokens	accuracy	truncation rate	correct truncation rate	avg tokens	accuracy	truncation rate	correct truncation rate	avg tokens	accuracy	truncation rate	correct truncation rate	avg tokens	accuracy
0	38.64	60.6	95.0	92.08	15745	28.79	99.49	100	16323	21.63	95.93	89.74	15958	0.37	100	100	32768	81.8	93.4	92.03	7866	41.1
1	38.57	61.6	94.0	90.58	15644	25.76	97.98	100	16175	22.74	94.82	86.99	15815	1.12	99.25	66.67	32634	81.65	93.56	92.11	7841	41.78
42	38.62	61.8	94.6	91.59	15695	26.77	95.45	96.23	15987	24.03	93.35	83.08	15729	0.37	99.25	100	32714	80.14	94.16	93.19	7877	41.58
mean	38.61	61.33	94.53	91.42	15695	27.1	97.64	98.74	16162	22.8	94.7	86.6	15834	0.62	99.5	88.89	32705	81.2	93.71	92.44	7861	41.49
std	0.03	0.64	0.5	0.76	51	1.54	2.04	2.18	169	1.2	1.3	3.35	116	0.43	0.43	19.25	67	0.92	0.4	0.65	19	0.35
																						
Qwen 3 4B s60 SparseLLM																						wandb xtprmhgu	/home/doyoonkim/models/sparsellm_4b_s60	https://wandb.ai/dyk6208-gwangju-institute-of-science-and-technology/reasoning_qwen3_4b_nostrip8192/runs/xtprmhgu
	avg5	math500				GPQA				IFEval				LCB				GSM8K				avg4 (no GPQA)
seed	accuracy	accuracy	truncation rate	correct truncation rate	avg tokens	accuracy	truncation rate	correct truncation rate	avg tokens	accuracy	truncation rate	correct truncation rate	avg tokens	accuracy	truncation rate	correct truncation rate	avg tokens	accuracy	truncation rate	correct truncation rate	avg tokens	accuracy
0	46.68	75.0	33.6	15.47	7464	33.33	79.8	72.73	13860	33.64	68.21	52.2	11870	6.34	92.54	5.88	30918	85.06	10.39	3.21	2537	50.01
1	45.8	74.2	31.2	12.94	7321	32.32	75.76	70.31	13505	33.46	68.76	51.93	11805	4.48	95.15	16.67	31504	84.53	10.16	2.96	2474	49.17
42	45.34	72.4	33.2	15.19	7580	29.8	79.8	74.58	13963	35.3	69.32	55.5	11957	3.73	96.64	10.0	31927	85.44	9.55	3.37	2456	49.22
mean	45.94	73.87	32.67	14.53	7455	31.82	78.45	72.54	13776	34.13	68.76	53.21	11877	4.85	94.78	10.85	31450	85.01	10.03	3.18	2489	49.47
std	0.68	1.33	1.29	1.39	130	1.82	2.33	2.14	240	1.02	0.55	1.99	76	1.35	2.08	5.44	507	0.46	0.43	0.21	42	0.47
																						
Qwen 3 4B s60 ALPS																						wandb lesvnnsg	cosmos1030/alps-qwen3-4b-s60pct	https://wandb.ai/dyk6208-gwangju-institute-of-science-and-technology/reasoning_qwen3_4b_nostrip8192/runs/lesvnnsg
	avg5	math500				GPQA				IFEval				LCB				GSM8K				avg4 (no GPQA)
seed	accuracy	accuracy	truncation rate	correct truncation rate	avg tokens	accuracy	truncation rate	correct truncation rate	avg tokens	accuracy	truncation rate	correct truncation rate	avg tokens	accuracy	truncation rate	correct truncation rate	avg tokens	accuracy	truncation rate	correct truncation rate	avg tokens	accuracy
0	49.5	82.4	27.4	15.53	6968	30.81	67.68	63.93	13375	34.57	70.43	48.66	12355	12.31	79.85	3.03	28576	87.41	10.08	4.25	3137	54.17
1	48.92	81.8	28.4	14.91	6905	28.79	67.17	59.65	12975	34.2	71.72	49.73	12448	12.69	80.22	2.94	28551	87.11	10.69	4.87	3107	53.95
42	49.76	83.2	28.0	16.83	6912	31.82	60.1	47.62	12610	34.2	69.32	45.95	12188	13.06	81.34	11.43	28662	86.5	10.46	4.56	3161	54.24
mean	49.39	82.47	27.93	15.76	6929	30.47	64.98	57.07	12987	34.32	70.49	48.11	12331	12.69	80.47	5.8	28596	87.01	10.41	4.56	3135	54.12
std	0.43	0.7	0.5	0.98	34	1.54	4.24	8.46	383	0.21	1.2	1.95	132	0.37	0.78	4.87	58	0.46	0.31	0.31	27	0.15
																						
Qwen 3 4B s60 ALPS selfgen																						wandb sqpjj6gu	/home1/doyoonkim/projects/elsa/models/qwen3_4b_alps_selfgen_v3_s60pct	https://wandb.ai/dyk6208-gwangju-institute-of-science-and-technology/reasoning_qwen3_4b_nostrip8192/runs/sqpjj6gu
	avg5	math500				GPQA				IFEval				LCB				GSM8K				avg4 (no GPQA)
seed	accuracy	accuracy	truncation rate	correct truncation rate	avg tokens	accuracy	truncation rate	correct truncation rate	avg tokens	accuracy	truncation rate	correct truncation rate	avg tokens	accuracy	truncation rate	correct truncation rate	avg tokens	accuracy	truncation rate	correct truncation rate	avg tokens	accuracy
0	48.83	80.0	20.0	6.25	6123	34.85	62.63	55.07	12842	35.49	63.22	45.31	11315	6.34	89.93	0	30354	87.49	6.97	2.6	2792	52.33
1	49.03	80.8	18.4	5.94	6002	34.34	62.63	54.41	12791	35.3	62.66	42.93	11232	7.46	89.93	0	30469	87.26	7.28	2.61	2808	52.71
42	48.53	81.0	18.6	6.17	5963	33.84	69.19	59.7	13238	35.49	65.06	41.67	11519	5.6	92.54	0	30985	86.73	7.66	2.62	2830	52.2
mean	48.8	80.6	19.0	6.12	6029	34.34	64.81	56.4	12957	35.43	63.65	43.3	11355	6.47	90.8	0.0	30603	87.16	7.3	2.61	2810	52.41
std	0.25	0.53	0.87	0.16	83	0.51	3.79	2.88	245	0.11	1.26	1.85	148	0.94	1.51	0.0	336	0.39	0.34	0.01	19	0.26
																						
Qwen 3 4B s60 ALPS+retrain																						wandb vbd3dndv	cosmos1030/gmp-kd3e-1-s60pct-lr1e-4_20260814_193400	https://wandb.ai/dyk6208-gwangju-institute-of-science-and-technology/reasoning_qwen3_4b_nostrip8192/runs/vbd3dndv
	avg5	math500				GPQA				IFEval				LCB				GSM8K				avg4 (no GPQA)
seed	accuracy	accuracy	truncation rate	correct truncation rate	avg tokens	accuracy	truncation rate	correct truncation rate	avg tokens	accuracy	truncation rate	correct truncation rate	avg tokens	accuracy	truncation rate	correct truncation rate	avg tokens	accuracy	truncation rate	correct truncation rate	avg tokens	accuracy
0	60.42	88.0	9.6	2.05	5323	39.9	31.82	17.72	11247	53.42	20.33	11.07	5529	32.09	29.85	0	20516	88.7	3.71	1.28	2719	65.55
1	59.61	87.6	8.8	1.6	5236	33.84	32.32	23.88	11433	55.45	14.79	7.0	4950	32.09	26.49	0	19767	89.08	3.03	0.77	2687	66.06
42	60.4	87.4	9.8	1.83	5409	40.4	32.83	23.75	11517	56.75	17.38	7.49	5162	27.61	29.85	0	20659	89.84	3.94	1.6	2721	65.4
mean	60.15	87.67	9.4	1.82	5323	38.05	32.32	21.78	11399	55.21	17.5	8.52	5214	30.6	28.73	0.0	20314	89.21	3.56	1.22	2709	65.67
std	0.46	0.31	0.53	0.22	86	3.65	0.51	3.52	138	1.68	2.77	2.22	293	2.59	1.94	0.0	479	0.58	0.47	0.42	19	0.34
																						
Qwen 3 4B s60 Ours																						wandb x2pcgf19	cosmos1030/gmp-kd3e-1-s60pct-lr5e-5_20260901_075817	https://wandb.ai/dyk6208-gwangju-institute-of-science-and-technology/reasoning_qwen3_4b_nostrip8192/runs/x2pcgf19
	avg5	math500				GPQA				IFEval				LCB				GSM8K				avg4 (no GPQA)
seed	accuracy	accuracy	truncation rate	correct truncation rate	avg tokens	accuracy	truncation rate	correct truncation rate	avg tokens	accuracy	truncation rate	correct truncation rate	avg tokens	accuracy	truncation rate	correct truncation rate	avg tokens	accuracy	truncation rate	correct truncation rate	avg tokens	accuracy
0	60.2	87.0	8.8	0.69	5146	37.88	25.25	13.33	10124	59.52	23.48	11.49	5025	27.24	35.45	0	20983	89.39	3.49	1.1	2174	65.79
1	61.24	86.8	8.2	0.69	5035	42.42	25.25	13.1	10250	58.04	23.66	12.42	5075	28.73	32.46	0	20228	90.22	3.26	0.92	2136	65.95
42	60.72	87.4	9.4	1.6	5237	41.41	21.21	13.41	9851	56.19	24.95	13.16	5257	28.73	33.58	0	20592	89.84	2.65	0.59	2120	65.54
mean	60.72	87.07	8.8	0.99	5139	40.57	23.91	13.28	10075	57.92	24.03	12.36	5119	28.23	33.83	0.0	20601	89.82	3.13	0.87	2144	65.76
std	0.52	0.31	0.6	0.53	101	2.39	2.33	0.17	204	1.67	0.81	0.84	122	0.86	1.51	0.0	378	0.42	0.43	0.26	28	0.2
																						
Qwen 3 4B s60 Ours w/o OPD (0.5/0.5/0)																						wandb s1pnmvoy	cosmos1030/gmp-kd5e-1-s60pct-lr5e-5_20260915_181935	https://wandb.ai/dyk6208-gwangju-institute-of-science-and-technology/reasoning_qwen3_4b_nostrip8192/runs/s1pnmvoy
	avg5	math500				GPQA				IFEval				LCB				GSM8K				avg4 (no GPQA)
seed	accuracy	accuracy	truncation rate	correct truncation rate	avg tokens	accuracy	truncation rate	correct truncation rate	avg tokens	accuracy	truncation rate	correct truncation rate	avg tokens	accuracy	truncation rate	correct truncation rate	avg tokens	accuracy	truncation rate	correct truncation rate	avg tokens	accuracy
0	58.76	85.0	9.4	1.41	5341	38.89	25.25	18.18	10127	55.45	18.48	10.33	4359	26.12	23.51	0	19294	88.32	3.18	0.52	2152	63.72
1	59.72	86.4	10.8	3.01	5157	39.9	23.74	20.25	10199	56.56	17.38	9.8	4135	26.12	24.25	0	19602	89.61	2.88	1.1	2091	64.67
42	60.23	87.6	9.2	1.37	5128	39.39	20.71	16.67	9964	57.86	16.82	11.18	4097	28.36	23.51	0	19044	87.95	2.5	0.78	2100	65.44
mean	59.57	86.33	9.8	1.93	5209	39.39	23.23	18.37	10097	56.62	17.56	10.44	4197	26.87	23.76	0.0	19313	88.63	2.86	0.8	2114	64.61
std	0.75	1.3	0.87	0.93	115	0.51	2.31	1.8	120	1.2	0.85	0.7	142	1.29	0.43	0.0	280	0.87	0.34	0.29	33	0.86
																						
Qwen 3 4B s60 Ours, cubic schedule (pace-matched)  [1/3 seeds complete]																						wandb dvqrq8zv	cosmos1030/gmp-kd3e-1-s60pct-lr5e-5_20260903_142958	https://wandb.ai/dyk6208-gwangju-institute-of-science-and-technology/reasoning_qwen3_4b_nostrip8192/runs/dvqrq8zv
	avg5	math500				GPQA				IFEval				LCB				GSM8K				avg4 (no GPQA)
seed	accuracy	accuracy	truncation rate	correct truncation rate	avg tokens	accuracy	truncation rate	correct truncation rate	avg tokens	accuracy	truncation rate	correct truncation rate	avg tokens	accuracy	truncation rate	correct truncation rate	avg tokens	accuracy	truncation rate	correct truncation rate	avg tokens	accuracy
42	59.21	87.0	10.2	1.84	5334	37.88	29.29	18.67	10244	55.82	26.06	12.91	5433	26.12	32.84	0	20761	89.23	2.73	0.76	2078	64.54
																						
Qwen 3 4B s70 SparseGPT																						wandb r9alde40	cosmos1030/sparsegpt-qwen3-4b-s70pct	https://wandb.ai/dyk6208-gwangju-institute-of-science-and-technology/reasoning_qwen3_4b_nostrip8192/runs/r9alde40
	avg5	math500				GPQA				IFEval				LCB				GSM8K				avg4 (no GPQA)
seed	accuracy	accuracy	truncation rate	correct truncation rate	avg tokens	accuracy	truncation rate	correct truncation rate	avg tokens	accuracy	truncation rate	correct truncation rate	avg tokens	accuracy	truncation rate	correct truncation rate	avg tokens	accuracy	truncation rate	correct truncation rate	avg tokens	accuracy
0	13.81	13.6	100	100	16384	21.72	99.49	100	16301	11.83	97.04	98.44	15977	0	12.69	-	4718	21.91	100	100	8192	11.84
1	14.71	11.4	100	100	16384	27.27	99.49	100	16301	12.57	97.97	98.53	16063	0	15.3	-	5597	22.29	100	100	8192	11.56
42	13.28	10.6	100	100	16384	23.23	100	100	16384	10.91	96.86	100	15899	0	16.42	-	5992	21.68	99.92	100	8189	10.8
mean	13.93	11.87	100.0	100.0	16384	24.07	99.66	100.0	16329	11.77	97.29	98.99	15980	0.0	14.8	-	5436	21.96	99.97	100.0	8191	11.4
std	0.72	1.55	0.0	0.0	0	2.87	0.29	0.0	48	0.83	0.59	0.88	82	0.0	1.91	-	652	0.31	0.04	0.0	1	0.54
																						
Qwen 3 4B s70 SparseGPT selfgen																						wandb wue1cbzo	/home1/doyoonkim/projects/elsa/models/qwen3_4b_sgpt_s70pct_n128_selfgenv3	https://wandb.ai/dyk6208-gwangju-institute-of-science-and-technology/reasoning_qwen3_4b_nostrip8192/runs/wue1cbzo
	avg5	math500				GPQA				IFEval				LCB				GSM8K				avg4 (no GPQA)
seed	accuracy	accuracy	truncation rate	correct truncation rate	avg tokens	accuracy	truncation rate	correct truncation rate	avg tokens	accuracy	truncation rate	correct truncation rate	avg tokens	accuracy	truncation rate	correct truncation rate	avg tokens	accuracy	truncation rate	correct truncation rate	avg tokens	accuracy
0	8.86	13.4	92.8	100	15204	14.65	95.45	96.55	15682	7.76	67.28	85.71	11250	0	57.84	-	19065	8.49	71.04	100	5820	7.41
1	9.11	13.6	92.6	98.53	15187	14.14	92.42	96.43	15330	10.17	68.76	85.45	11475	0	56.34	-	18705	7.66	72.02	100	5914	7.86
42	9.53	14.4	91.2	100	14949	14.65	93.43	96.55	15340	10.17	65.8	67.27	11182	0	58.58	-	19197	8.42	72.4	100	5932	8.25
mean	9.17	13.8	92.2	99.51	15113	14.48	93.77	96.51	15451	9.37	67.28	79.48	11302	0.0	57.59	-	18989	8.19	71.82	100.0	5888	7.84
std	0.34	0.53	0.87	0.85	143	0.29	1.54	0.07	200	1.39	1.48	10.57	154	0.0	1.14	-	255	0.46	0.7	0.0	60	0.42
																						
Qwen 3 4B s70 SparseLLM																						wandb xrozbvfm	/home/doyoonkim/models/sparsellm_4b_s70	https://wandb.ai/dyk6208-gwangju-institute-of-science-and-technology/reasoning_qwen3_4b_nostrip8192/runs/xrozbvfm
	avg5	math500				GPQA				IFEval				LCB				GSM8K				avg4 (no GPQA)
seed	accuracy	accuracy	truncation rate	correct truncation rate	avg tokens	accuracy	truncation rate	correct truncation rate	avg tokens	accuracy	truncation rate	correct truncation rate	avg tokens	accuracy	truncation rate	correct truncation rate	avg tokens	accuracy	truncation rate	correct truncation rate	avg tokens	accuracy
0	21.58	28.4	100	100	16384	22.22	99.49	100	16303	14.6	97.23	96.2	16054	0	99.63	-	32719	42.68	100	100	8192	21.42
1	22.31	32.6	100	100	16384	23.23	100	100	16384	16.08	96.49	100	16001	0	100	-	32768	39.65	99.92	99.81	8186	22.08
42	22.33	31.4	100	100	16384	22.73	100	100	16384	14.79	97.78	98.75	16173	0	100	-	32768	42.76	100	100	8192	22.24
mean	22.08	30.8	100.0	100.0	16384	22.73	99.83	100.0	16357	15.16	97.17	98.32	16076	0.0	99.88	-	32752	41.7	99.97	99.94	8190	21.91
std	0.43	2.16	0.0	0.0	0	0.51	0.29	0.0	47	0.81	0.65	1.94	88	0.0	0.22	-	28	1.77	0.04	0.11	3	0.43
																						
Qwen 3 4B s70 ALPS																						wandb tn8f17g1	cosmos1030/alps-qwen3-4b-s70pct	https://wandb.ai/dyk6208-gwangju-institute-of-science-and-technology/reasoning_qwen3_4b_nostrip8192/runs/tn8f17g1
	avg5	math500				GPQA				IFEval				LCB				GSM8K				avg4 (no GPQA)
seed	accuracy	accuracy	truncation rate	correct truncation rate	avg tokens	accuracy	truncation rate	correct truncation rate	avg tokens	accuracy	truncation rate	correct truncation rate	avg tokens	accuracy	truncation rate	correct truncation rate	avg tokens	accuracy	truncation rate	correct truncation rate	avg tokens	accuracy
0	26.81	38.6	99.8	100	16351	30.81	100	100	16384	16.82	94.82	95.6	15539	0	70.52	-	23109	47.84	98.79	99.68	8093	25.81
1	25.16	40.4	99.8	100	16351	23.74	100	100	16384	15.71	96.12	96.47	15749	0	70.52	-	23109	45.94	99.09	100	8117	25.51
42	25.85	38.6	99.8	100	16351	27.78	99.49	100	16304	16.45	95.56	96.63	15660	0	67.91	-	22253	46.4	99.17	100	8124	25.36
mean	25.94	39.2	99.8	100.0	16351	27.44	99.83	100.0	16357	16.33	95.5	96.23	15649	0.0	69.65	-	22824	46.73	99.01	99.89	8112	25.56
std	0.83	1.04	0.0	0.0	0	3.55	0.29	0.0	46	0.56	0.65	0.55	106	0.0	1.51	-	494	0.99	0.2	0.18	16	0.23
																						
Qwen 3 4B s70 ALPS selfgen																						wandb qztmuivj	/home1/doyoonkim/projects/elsa/models/qwen3_4b_alps_selfgen_v3_s70pct	https://wandb.ai/dyk6208-gwangju-institute-of-science-and-technology/reasoning_qwen3_4b_nostrip8192/runs/qztmuivj
	avg5	math500				GPQA				IFEval				LCB				GSM8K				avg4 (no GPQA)
seed	accuracy	accuracy	truncation rate	correct truncation rate	avg tokens	accuracy	truncation rate	correct truncation rate	avg tokens	accuracy	truncation rate	correct truncation rate	avg tokens	accuracy	truncation rate	correct truncation rate	avg tokens	accuracy	truncation rate	correct truncation rate	avg tokens	accuracy
0	21.28	28.6	99.6	100	16351	21.21	75.25	100	14985	14.97	61.92	75.31	13110	0	42.54	-	20586	41.62	100	100	8192	21.3
1	21.96	31.0	99.6	100	16342	19.19	74.75	100	14923	14.79	61.0	75.0	12977	0	38.43	-	19673	44.81	100	100	8192	22.65
42	22.03	31.8	99.4	100	16344	16.67	76.26	100	14999	16.27	59.89	70.45	12884	0	35.82	-	19087	45.41	100	100	8192	23.37
mean	21.76	30.47	99.53	100.0	16346	19.02	75.42	100.0	14969	15.34	60.94	73.59	12990	0.0	38.93	-	19782	43.95	100.0	100.0	8192	22.44
std	0.41	1.67	0.12	0.0	5	2.28	0.77	0.0	41	0.81	1.02	2.72	113	0.0	3.39	-	756	2.04	0.0	0.0	0	1.05
																						
Qwen 3 4B s70 ALPS+retrain																						wandb vfjcx821	cosmos1030/gmp-kd3e-1-s70pct-lr1e-4_20260814_035030	https://wandb.ai/dyk6208-gwangju-institute-of-science-and-technology/reasoning_qwen3_4b_nostrip8192/runs/vfjcx821
	avg5	math500				GPQA				IFEval				LCB				GSM8K				avg4 (no GPQA)
seed	accuracy	accuracy	truncation rate	correct truncation rate	avg tokens	accuracy	truncation rate	correct truncation rate	avg tokens	accuracy	truncation rate	correct truncation rate	avg tokens	accuracy	truncation rate	correct truncation rate	avg tokens	accuracy	truncation rate	correct truncation rate	avg tokens	accuracy
0	44.23	73.4	22.6	4.9	7652	22.22	70.2	72.73	14142	31.98	54.53	37.57	10307	10.45	70.9	0	26987	83.09	7.96	2.83	3304	49.73
1	45.97	73.8	23.0	6.5	7696	31.82	69.19	61.9	14014	31.98	49.35	28.9	9659	8.96	69.4	0	26302	83.32	7.43	2.64	3263	49.51
42	44.62	72.8	23.8	4.4	7608	27.78	66.67	63.64	13879	30.87	53.97	35.33	10345	9.33	74.63	0	27139	82.34	6.37	1.93	3241	48.83
mean	44.94	73.33	23.13	5.27	7652	27.27	68.69	66.09	14012	31.61	52.62	33.93	10104	9.58	71.64	0.0	26809	82.92	7.25	2.47	3269	49.36
std	0.92	0.5	0.61	1.1	44	4.82	1.82	5.81	132	0.64	2.84	4.5	386	0.78	2.69	0.0	446	0.52	0.81	0.47	32	0.47
																						
Qwen 3 4B s70 ALPS+retrain w/o OPD (0.5/0.5/0)																						wandb 6hizpc1g	cosmos1030/gmp-kd5e-1-s70pct-lr1e-4_20260913_193547	https://wandb.ai/dyk6208-gwangju-institute-of-science-and-technology/reasoning_qwen3_4b_nostrip8192/runs/6hizpc1g
	avg5	math500				GPQA				IFEval				LCB				GSM8K				avg4 (no GPQA)
seed	accuracy	accuracy	truncation rate	correct truncation rate	avg tokens	accuracy	truncation rate	correct truncation rate	avg tokens	accuracy	truncation rate	correct truncation rate	avg tokens	accuracy	truncation rate	correct truncation rate	avg tokens	accuracy	truncation rate	correct truncation rate	avg tokens	accuracy
0	42.93	74.4	21.6	5.11	7159	28.79	65.15	63.16	13366	26.25	51.76	38.03	10217	5.6	73.88	0	27334	79.61	8.64	2.38	3179	46.46
1	42.11	70.8	24.4	5.65	7371	24.75	68.69	65.31	13702	27.73	51.76	34.67	10077	7.84	75.37	0	27521	79.45	11.3	3.34	3263	46.45
42	44.58	71.4	21.6	3.36	7137	34.85	68.18	73.91	13718	30.68	53.79	36.75	10415	6.34	72.39	0	27238	79.61	10.69	3.05	3253	47.01
mean	43.21	72.2	22.53	4.71	7222	29.46	67.34	67.46	13595	28.22	52.43	36.48	10237	6.59	73.88	0.0	27365	79.56	10.21	2.92	3232	46.64
std	1.26	1.93	1.62	1.2	130	5.08	1.91	5.69	199	2.26	1.17	1.7	170	1.14	1.49	0.0	144	0.09	1.39	0.49	46	0.32
																						
Qwen 3 4B s70 ALPS + PGD (no trust region)																						wandb cw7zkw1i e0ihyq85 ipe0f7yq	cosmos1030/gmp-4b-s70pct-lr0.0001-onpol-lmda0.33-20260922-002405-p291199	https://wandb.ai/dyk6208-gwangju-institute-of-science-and-technology/reasoning_qwen3_4b_nostrip8192/runs/cw7zkw1i https://wandb.ai/dyk6208-gwangju-institute-of-science-and-technology/reasoning_qwen3_4b_nostrip8192/runs/e0ihyq85 https://wandb.ai/dyk6208-gwangju-institute-of-science-and-technology/reasoning_qwen3_4b_nostrip8192/runs/ipe0f7yq
	avg5	math500				GPQA				IFEval				LCB				GSM8K				avg4 (no GPQA)
seed	accuracy	accuracy	truncation rate	correct truncation rate	avg tokens	accuracy	truncation rate	correct truncation rate	avg tokens	accuracy	truncation rate	correct truncation rate	avg tokens	accuracy	truncation rate	correct truncation rate	avg tokens	accuracy	truncation rate	correct truncation rate	avg tokens	accuracy
0	44.2	73.6	23.8	4.35	7797	28.79	73.74	66.67	14141	27.91	63.59	49.01	11590	8.58	69.78	0	26597	82.11	13.04	5.91	3816	48.05
1	45.35	74.8	23.0	5.61	7858	33.33	74.75	65.15	14332	28.28	61.92	47.06	11455	8.21	67.54	0	25955	82.11	12.28	5.26	3799	48.35
42	44.29	75.4	23.6	5.31	7559	29.8	73.23	64.41	14226	26.62	63.22	47.92	11630	8.58	69.4	0	26378	81.05	12.59	5.24	3784	47.91
mean	44.61	74.6	23.47	5.09	7738	30.64	73.91	65.41	14233	27.6	62.91	47.99	11558	8.46	68.91	0.0	26310	81.75	12.64	5.47	3800	48.1
std	0.64	0.92	0.42	0.66	158	2.39	0.77	1.15	96	0.87	0.87	0.98	92	0.22	1.2	0.0	326	0.61	0.38	0.38	16	0.22
																						
Qwen 3 4B s70 ALPS + PGD (trust region)																						wandb 17aylqzg 2y2o3gt6 minaq3tm	cosmos1030/gmp-4b-s70pct-lr0.0001-onpol-lmda0.33-20260921-212708-p265824	https://wandb.ai/dyk6208-gwangju-institute-of-science-and-technology/reasoning_qwen3_4b_nostrip8192/runs/17aylqzg https://wandb.ai/dyk6208-gwangju-institute-of-science-and-technology/reasoning_qwen3_4b_nostrip8192/runs/2y2o3gt6 https://wandb.ai/dyk6208-gwangju-institute-of-science-and-technology/reasoning_qwen3_4b_nostrip8192/runs/minaq3tm
	avg5	math500				GPQA				IFEval				LCB				GSM8K				avg4 (no GPQA)
seed	accuracy	accuracy	truncation rate	correct truncation rate	avg tokens	accuracy	truncation rate	correct truncation rate	avg tokens	accuracy	truncation rate	correct truncation rate	avg tokens	accuracy	truncation rate	correct truncation rate	avg tokens	accuracy	truncation rate	correct truncation rate	avg tokens	accuracy
0	43.82	74.0	23.6	5.14	7565	27.78	77.27	69.09	14406	27.54	60.81	44.3	11379	8.58	70.52	0	26923	81.2	13.34	5.7	3762	47.83
1	42.95	73.6	25.4	7.07	7894	22.73	68.18	75.56	14006	30.68	63.4	45.78	11677	6.72	71.64	0	27081	81.05	12.13	4.4	3733	48.01
42	43.28	74.0	23.4	6.76	7845	26.77	72.73	64.15	14389	26.8	61.74	40.0	11537	6.72	69.78	0	26718	82.11	11.75	6.0	3638	47.41
mean	43.35	73.87	24.13	6.32	7768	25.76	72.73	69.6	14267	28.34	61.98	43.36	11531	7.34	70.65	0.0	26907	81.45	12.41	5.36	3711	47.75
std	0.44	0.23	1.1	1.04	177	2.67	4.55	5.72	226	2.06	1.31	3.0	149	1.08	0.94	0.0	182	0.57	0.83	0.85	65	0.31
																						
Qwen 3 4B s70 Ours																						wandb 39t1d9g7	cosmos1030/gmp-kd3e-1-s70pct-lr1e-4_20260901_080954	https://wandb.ai/dyk6208-gwangju-institute-of-science-and-technology/reasoning_qwen3_4b_nostrip8192/runs/39t1d9g7
	avg5	math500				GPQA				IFEval				LCB				GSM8K				avg4 (no GPQA)
seed	accuracy	accuracy	truncation rate	correct truncation rate	avg tokens	accuracy	truncation rate	correct truncation rate	avg tokens	accuracy	truncation rate	correct truncation rate	avg tokens	accuracy	truncation rate	correct truncation rate	avg tokens	accuracy	truncation rate	correct truncation rate	avg tokens	accuracy
0	48.68	77.6	20.6	5.93	7308	32.83	60.1	47.69	13009	39.56	45.1	25.7	8999	10.07	68.66	0	25774	83.32	9.78	3.28	3381	52.64
1	48.49	76.4	21.6	4.45	7223	30.3	59.09	53.33	13270	40.3	45.29	25.69	8925	10.82	64.18	0	25587	84.61	9.7	3.23	3373	53.03
42	49.28	80.6	18.8	4.47	7119	27.78	62.63	41.82	13109	40.11	47.69	28.11	9302	12.69	68.28	0	25655	85.22	9.4	2.4	3362	54.65
mean	48.81	78.2	20.33	4.95	7217	30.3	60.61	47.61	13129	39.99	46.03	26.5	9075	11.19	67.04	0.0	25672	84.38	9.63	2.97	3372	53.44
std	0.41	2.16	1.42	0.85	95	2.53	1.82	5.76	131	0.38	1.44	1.39	200	1.35	2.48	0.0	94	0.97	0.2	0.49	9	1.07
																						
Qwen 3 4B s70 Ours OPD-only (0/0/1.0)  [1/3 seeds complete]																						wandb dl1d889j 87x0tda1 ze0mbufm	cosmos1030/gmp-4b-s70pct-lr1e-4_20260919_041114	https://wandb.ai/dyk6208-gwangju-institute-of-science-and-technology/reasoning_qwen3_4b_nostrip8192/runs/dl1d889j https://wandb.ai/dyk6208-gwangju-institute-of-science-and-technology/reasoning_qwen3_4b_nostrip8192/runs/87x0tda1 https://wandb.ai/dyk6208-gwangju-institute-of-science-and-technology/reasoning_qwen3_4b_nostrip8192/runs/ze0mbufm
	avg5	math500				GPQA				IFEval				LCB				GSM8K				avg4 (no GPQA)
seed	accuracy	accuracy	truncation rate	correct truncation rate	avg tokens	accuracy	truncation rate	correct truncation rate	avg tokens	accuracy	truncation rate	correct truncation rate	avg tokens	accuracy	truncation rate	correct truncation rate	avg tokens	accuracy	truncation rate	correct truncation rate	avg tokens	accuracy
0	-	50.4	100	100	16384	-	-	-	-	20.7	100	100	16384	0	100	-	32768	76.57	100	100	8192	36.92
1	-	51.0	99.8	99.61	16366	-	-	-	-	20.33	99.63	99.09	16330	0.37	100	100	32768	77.63	100	100	8192	37.34
42	35.25	49.2	100	100	16384	28.79	100	100	16384	20.89	99.82	99.12	16356	0.75	99.63	100	32646	76.65	100	100	8192	36.87
																						
Qwen 3 4B s70 Ours w/o KD (0.5/0/0.5)																						wandb r8eomj61 4shjv676 uzbizseq	cosmos1030/gmp-4b-s70pct-lr1e-4_20260917_213402	https://wandb.ai/dyk6208-gwangju-institute-of-science-and-technology/reasoning_qwen3_4b_nostrip8192/runs/r8eomj61 https://wandb.ai/dyk6208-gwangju-institute-of-science-and-technology/reasoning_qwen3_4b_nostrip8192/runs/4shjv676 https://wandb.ai/dyk6208-gwangju-institute-of-science-and-technology/reasoning_qwen3_4b_nostrip8192/runs/uzbizseq
	avg5	math500				GPQA				IFEval				LCB				GSM8K				avg4 (no GPQA)
seed	accuracy	accuracy	truncation rate	correct truncation rate	avg tokens	accuracy	truncation rate	correct truncation rate	avg tokens	accuracy	truncation rate	correct truncation rate	avg tokens	accuracy	truncation rate	correct truncation rate	avg tokens	accuracy	truncation rate	correct truncation rate	avg tokens	accuracy
0	46.04	73.0	24.6	6.03	7518	32.32	66.67	64.06	13694	35.3	51.57	32.46	9805	7.46	69.03	0	25719	82.11	8.42	2.86	3001	49.47
1	46.14	73.2	22.8	4.64	7488	28.28	66.67	57.14	13753	37.71	48.98	27.94	9607	8.58	70.15	0	26420	82.94	8.11	2.19	3060	50.61
42	45.38	72.6	23.2	4.13	7260	26.26	65.66	57.69	13473	36.6	52.31	32.83	9978	7.84	67.54	0	25682	83.62	10.24	3.63	3099	50.16
mean	45.86	72.93	23.53	4.93	7422	28.96	66.33	59.63	13640	36.54	50.96	31.08	9797	7.96	68.91	0.0	25940	82.89	8.92	2.89	3053	50.08
std	0.41	0.31	0.95	0.98	141	3.09	0.58	3.85	147	1.2	1.75	2.72	186	0.57	1.31	0.0	416	0.76	1.15	0.72	49	0.57
																						
Qwen 3 4B s70 Ours w/o OPD (0.5/0.5/0)																						wandb orwr7glo	cosmos1030/gmp-kd5e-1-s70pct-lr1e-4_20260915_192606	https://wandb.ai/dyk6208-gwangju-institute-of-science-and-technology/reasoning_qwen3_4b_nostrip8192/runs/orwr7glo
	avg5	math500				GPQA				IFEval				LCB				GSM8K				avg4 (no GPQA)
seed	accuracy	accuracy	truncation rate	correct truncation rate	avg tokens	accuracy	truncation rate	correct truncation rate	avg tokens	accuracy	truncation rate	correct truncation rate	avg tokens	accuracy	truncation rate	correct truncation rate	avg tokens	accuracy	truncation rate	correct truncation rate	avg tokens	accuracy
0	48.03	77.8	16.4	4.37	6635	34.34	61.62	57.35	13386	35.86	33.27	19.59	7290	7.09	55.22	0	24227	85.06	7.13	1.6	2918	51.45
1	47.53	77.0	19.0	3.38	6583	30.81	58.08	42.62	12994	38.45	32.16	15.38	7125	7.09	51.49	0	23643	84.31	7.43	1.98	2881	51.71
42	47.14	75.8	17.4	3.43	6613	29.29	57.58	46.55	12973	36.6	34.2	21.21	7321	8.96	57.46	0	24711	85.06	7.81	2.32	2913	51.6
mean	47.57	76.87	17.6	3.73	6610	31.48	59.09	48.84	13118	36.97	33.21	18.73	7245	7.71	54.73	0.0	24193	84.81	7.46	1.97	2904	51.59
std	0.45	1.01	1.31	0.56	26	2.59	2.2	7.63	233	1.33	1.02	3.01	106	1.08	3.02	0.0	535	0.44	0.34	0.36	20	0.13
																						
Qwen 3 4B s70 Ours w/o TR (jump) + w/o rollout refresh  [1/3 seeds complete]																						wandb eniy0b69	cosmos1030/gmp-kd3e-1-s70pct-lr1e-4_20260909_221717	https://wandb.ai/dyk6208-gwangju-institute-of-science-and-technology/reasoning_qwen3_4b_nostrip8192/runs/eniy0b69
	avg5	math500				GPQA				IFEval				LCB				GSM8K				avg4 (no GPQA)
seed	accuracy	accuracy	truncation rate	correct truncation rate	avg tokens	accuracy	truncation rate	correct truncation rate	avg tokens	accuracy	truncation rate	correct truncation rate	avg tokens	accuracy	truncation rate	correct truncation rate	avg tokens	accuracy	truncation rate	correct truncation rate	avg tokens	accuracy
42	34.34	53.8	38.0	7.81	9524	20.71	76.26	73.17	14100	27.17	67.28	42.18	11905	1.49	76.12	0	27475	68.54	16.6	4.42	3632	37.75
																						
Qwen 3 4B s70 Ours w/o TR (one-step) + w/o OPD																						wandb 4wn78qux 7r1km0uf tzuwhhf9	/home/doyoonkim/models/jumpnoopd_4b_s70	https://wandb.ai/dyk6208-gwangju-institute-of-science-and-technology/reasoning_qwen3_4b_nostrip8192/runs/4wn78qux https://wandb.ai/dyk6208-gwangju-institute-of-science-and-technology/reasoning_qwen3_4b_nostrip8192/runs/7r1km0uf https://wandb.ai/dyk6208-gwangju-institute-of-science-and-technology/reasoning_qwen3_4b_nostrip8192/runs/tzuwhhf9
	avg5	math500				GPQA				IFEval				LCB				GSM8K				avg4 (no GPQA)
seed	accuracy	accuracy	truncation rate	correct truncation rate	avg tokens	accuracy	truncation rate	correct truncation rate	avg tokens	accuracy	truncation rate	correct truncation rate	avg tokens	accuracy	truncation rate	correct truncation rate	avg tokens	accuracy	truncation rate	correct truncation rate	avg tokens	accuracy
0	39.99	65.6	25.2	4.88	7885	23.23	60.61	54.35	13109	33.09	43.62	29.61	9010	4.48	64.18	0	26004	73.54	9.4	2.06	3207	44.18
1	39.04	63.0	28.6	4.44	7866	23.23	61.62	43.48	13100	30.13	45.1	33.13	9156	4.1	64.93	0	25881	74.75	11.6	3.35	3188	43.0
42	39.31	61.4	26.4	4.23	7945	26.26	56.57	59.62	12590	31.98	43.99	30.06	8900	2.24	65.67	0	25818	74.68	10.01	2.84	3120	42.57
mean	39.45	63.33	26.73	4.52	7899	24.24	59.6	52.48	12933	31.73	44.24	30.93	9022	3.61	64.93	0.0	25901	74.32	10.34	2.75	3172	43.25
std	0.49	2.12	1.72	0.33	41	1.75	2.67	8.23	297	1.49	0.77	1.92	129	1.2	0.75	0.0	94	0.68	1.14	0.65	45	0.83
																						
Qwen 3 4B s70 Ours w/o rollout refresh																						wandb nve0ruhr c4uytmxd p65lf0k2	cosmos1030/gmp-kd3e-1-s70pct-lr1e-4_20260903_081638	https://wandb.ai/dyk6208-gwangju-institute-of-science-and-technology/reasoning_qwen3_4b_nostrip8192/runs/nve0ruhr https://wandb.ai/dyk6208-gwangju-institute-of-science-and-technology/reasoning_qwen3_4b_nostrip8192/runs/c4uytmxd https://wandb.ai/dyk6208-gwangju-institute-of-science-and-technology/reasoning_qwen3_4b_nostrip8192/runs/p65lf0k2
	avg5	math500				GPQA				IFEval				LCB				GSM8K				avg4 (no GPQA)
seed	accuracy	accuracy	truncation rate	correct truncation rate	avg tokens	accuracy	truncation rate	correct truncation rate	avg tokens	accuracy	truncation rate	correct truncation rate	avg tokens	accuracy	truncation rate	correct truncation rate	avg tokens	accuracy	truncation rate	correct truncation rate	avg tokens	accuracy
0	49.53	78.2	18.2	3.07	6449	35.86	58.08	53.52	12752	39.19	46.77	23.58	9005	7.46	56.72	0	24634	86.96	6.29	1.92	2630	52.95
1	47.92	77.0	18.8	4.16	6708	32.83	55.05	41.54	12581	37.89	48.06	23.9	9142	5.6	56.72	0	24348	86.28	5.23	1.49	2589	51.69
42	49.2	79.0	16.6	2.53	6450	33.84	58.59	50.75	13010	39.37	43.99	24.41	8561	8.21	57.09	0	24056	85.6	6.75	1.86	2699	53.04
mean	48.89	78.07	17.87	3.25	6535	34.18	57.24	48.6	12781	38.82	46.27	23.97	8903	7.09	56.84	0.0	24346	86.28	6.09	1.76	2639	52.56
std	0.85	1.01	1.14	0.83	150	1.54	1.91	6.27	216	0.81	2.08	0.42	304	1.35	0.22	0.0	289	0.68	0.78	0.23	55	0.76
																						
Qwen 3 4B s70 Ours, cubic schedule (pace-matched)  [1/3 seeds complete]																						wandb nyrapua1	cosmos1030/gmp-kd3e-1-s70pct-lr1e-4_20260903_144159	https://wandb.ai/dyk6208-gwangju-institute-of-science-and-technology/reasoning_qwen3_4b_nostrip8192/runs/nyrapua1
	avg5	math500				GPQA				IFEval				LCB				GSM8K				avg4 (no GPQA)
seed	accuracy	accuracy	truncation rate	correct truncation rate	avg tokens	accuracy	truncation rate	correct truncation rate	avg tokens	accuracy	truncation rate	correct truncation rate	avg tokens	accuracy	truncation rate	correct truncation rate	avg tokens	accuracy	truncation rate	correct truncation rate	avg tokens	accuracy
42	48.84	79.8	17.0	5.01	6550	34.85	55.56	47.83	12753	35.3	53.05	35.6	9906	8.21	70.52	0	26476	86.05	7.05	1.67	2812	52.34
																						
Qwen 3 4B s70 Ours (A3 jump)																						wandb 9171lgjn	cosmos1030/gmp-kd3e-1-s70pct-lr1e-4_20260909_213205	https://wandb.ai/dyk6208-gwangju-institute-of-science-and-technology/reasoning_qwen3_4b_nostrip8192/runs/9171lgjn
	avg5	math500				GPQA				IFEval				LCB				GSM8K				avg4 (no GPQA)
seed	accuracy	accuracy	truncation rate	correct truncation rate	avg tokens	accuracy	truncation rate	correct truncation rate	avg tokens	accuracy	truncation rate	correct truncation rate	avg tokens	accuracy	truncation rate	correct truncation rate	avg tokens	accuracy	truncation rate	correct truncation rate	avg tokens	accuracy
0	39.64	64.0	28.8	6.56	8411	25.76	69.7	64.71	14110	32.16	43.62	25.86	8949	2.99	75.0	0	27816	73.31	13.87	4.14	3615	43.12
1	38.33	61.8	32.6	7.77	8848	23.23	74.75	67.39	14246	31.79	40.85	19.77	8689	1.49	73.88	0	27818	73.31	14.56	4.55	3640	42.1
42	38.2	62.0	32.2	8.71	8912	23.23	66.67	63.04	13528	30.5	40.85	23.64	8664	0.75	75.37	0	27711	74.53	13.42	4.07	3621	41.94
mean	38.72	62.6	31.2	7.68	8724	24.07	70.37	65.05	13961	31.48	41.77	23.09	8767	1.74	74.75	0.0	27781	73.72	13.95	4.25	3626	42.39
std	0.8	1.22	2.09	1.08	273	1.46	4.08	2.19	381	0.87	1.6	3.08	157	1.14	0.78	0.0	61	0.7	0.57	0.26	13	0.64
																						
Qwen 3 4B s70 Cubic schedule, no PGD (pace-matched)																						wandb ay0dnnto gljk658o hl7zwbkn	/NHNHOME/log-postech/doyoonkim/models/gmp_4b_s70pct_lr0.0001_onpol_lmda0.33_20260922_023308_p310907	https://wandb.ai/dyk6208-gwangju-institute-of-science-and-technology/reasoning_qwen3_4b_nostrip8192/runs/ay0dnnto https://wandb.ai/dyk6208-gwangju-institute-of-science-and-technology/reasoning_qwen3_4b_nostrip8192/runs/gljk658o https://wandb.ai/dyk6208-gwangju-institute-of-science-and-technology/reasoning_qwen3_4b_nostrip8192/runs/hl7zwbkn
	avg5	math500				GPQA				IFEval				LCB				GSM8K				avg4 (no GPQA)
seed	accuracy	accuracy	truncation rate	correct truncation rate	avg tokens	accuracy	truncation rate	correct truncation rate	avg tokens	accuracy	truncation rate	correct truncation rate	avg tokens	accuracy	truncation rate	correct truncation rate	avg tokens	accuracy	truncation rate	correct truncation rate	avg tokens	accuracy
0	49.37	77.0	19.0	4.42	6990	38.89	55.56	49.35	13061	39.19	43.44	24.53	8741	6.34	52.99	0	24584	85.44	7.81	2.66	2997	51.99
1	48.74	79.0	19.4	4.81	7022	30.81	53.54	39.34	12657	41.4	41.4	22.77	8508	6.72	50.37	0	23685	85.75	7.2	2.3	2980	53.22
42	49.09	79.4	18.4	4.79	6841	28.79	59.6	52.63	13115	41.77	40.67	21.24	8318	8.58	54.85	0	24848	86.88	7.43	2.27	2988	54.16
mean	49.06	78.47	18.93	4.67	6951	32.83	56.23	47.11	12944	40.79	41.84	22.85	8522	7.21	52.74	0.0	24372	86.02	7.48	2.41	2988	53.12
std	0.32	1.29	0.5	0.22	96	5.34	3.09	6.92	250	1.4	1.44	1.65	212	1.2	2.25	0.0	610	0.76	0.31	0.22	9	1.09
																						
Qwen 3 4B s80 SparseLLM																						wandb p6c4r6lx	cosmos1030/sparsellm-s80pct_20260903_113201	https://wandb.ai/dyk6208-gwangju-institute-of-science-and-technology/reasoning_qwen3_4b_nostrip8192/runs/p6c4r6lx
	avg5	math500				GPQA				IFEval				LCB				GSM8K				avg4 (no GPQA)
seed	accuracy	accuracy	truncation rate	correct truncation rate	avg tokens	accuracy	truncation rate	correct truncation rate	avg tokens	accuracy	truncation rate	correct truncation rate	avg tokens	accuracy	truncation rate	correct truncation rate	avg tokens	accuracy	truncation rate	correct truncation rate	avg tokens	accuracy
0	4.97	3.0	99.6	93.33	16329	13.13	99.49	100	16306	7.95	99.82	100	16354	0	98.88	-	32521	0.76	99.62	100	8174	2.93
1	5.06	1.0	98.4	100	16147	15.66	100	100	16384	7.95	99.82	100	16354	0	97.39	-	31973	0.68	99.92	100	8190	2.41
42	5.4	3.2	97.8	100	16075	14.65	100	100	16384	8.32	99.45	100	16296	0	97.76	-	32070	0.83	99.92	100	8186	3.09
mean	5.14	2.4	98.6	97.78	16183	14.48	99.83	100.0	16358	8.07	99.69	100.0	16334	0.0	98.01	-	32188	0.76	99.82	100.0	8183	2.81
std	0.23	1.22	0.92	3.85	131	1.27	0.29	0.0	45	0.21	0.21	0.0	34	0.0	0.78	-	292	0.08	0.18	0.0	8	0.36
																						
Qwen 3 4B s80 ALPS																						wandb bql6bwvl	cosmos1030/alps-qwen3-4b-s80pct	https://wandb.ai/dyk6208-gwangju-institute-of-science-and-technology/reasoning_qwen3_4b_nostrip8192/runs/bql6bwvl
	avg5	math500				GPQA				IFEval				LCB				GSM8K				avg4 (no GPQA)
seed	accuracy	accuracy	truncation rate	correct truncation rate	avg tokens	accuracy	truncation rate	correct truncation rate	avg tokens	accuracy	truncation rate	correct truncation rate	avg tokens	accuracy	truncation rate	correct truncation rate	avg tokens	accuracy	truncation rate	correct truncation rate	avg tokens	accuracy
0	7.05	3.0	99.8	100	16351	19.7	99.49	100	16303	10.72	92.79	84.48	15206	0	92.91	-	30445	1.82	99.85	100	8180	3.89
1	5.73	3.6	99.4	100	16286	13.13	100	100	16384	10.17	93.16	81.82	15266	0	94.03	-	30812	1.74	99.85	100	8180	3.88
42	7.11	3.2	99.6	100	16319	21.21	100	100	16384	10.17	91.31	76.36	14965	0	94.78	-	31056	0.99	99.7	100	8167	3.59
mean	6.63	3.27	99.6	100.0	16319	18.01	99.83	100.0	16357	10.35	92.42	80.89	15146	0.0	93.91	-	30771	1.52	99.8	100.0	8175	3.78
std	0.78	0.31	0.2	0.0	33	4.3	0.29	0.0	47	0.32	0.98	4.14	160	0.0	0.94	-	308	0.46	0.09	0.0	7	0.17
																						
Qwen 3 4B s80 ALPS+retrain																						wandb q6vjas4j lpleqyss phrzgtlq	cosmos1030/gmp-kd3e-1-4b-s80pct-lr1e-4_20260917_112952	https://wandb.ai/dyk6208-gwangju-institute-of-science-and-technology/reasoning_qwen3_4b_nostrip8192/runs/q6vjas4j https://wandb.ai/dyk6208-gwangju-institute-of-science-and-technology/reasoning_qwen3_4b_nostrip8192/runs/lpleqyss https://wandb.ai/dyk6208-gwangju-institute-of-science-and-technology/reasoning_qwen3_4b_nostrip8192/runs/phrzgtlq
	avg5	math500				GPQA				IFEval				LCB				GSM8K				avg4 (no GPQA)
seed	accuracy	accuracy	truncation rate	correct truncation rate	avg tokens	accuracy	truncation rate	correct truncation rate	avg tokens	accuracy	truncation rate	correct truncation rate	avg tokens	accuracy	truncation rate	correct truncation rate	avg tokens	accuracy	truncation rate	correct truncation rate	avg tokens	accuracy
0	21.09	17.6	94.6	77.27	15811	30.3	96.46	98.33	15937	18.48	97.97	100	16094	0	100	-	32768	39.04	84.53	74.95	7492	18.78
1	20.48	18.2	92.8	80.22	15748	26.77	95.96	100	15887	17.93	98.15	96.91	16120	0	99.63	-	32681	39.5	83.93	74.28	7503	18.91
42	20.07	17.8	93.6	82.02	15831	27.78	94.95	94.55	15803	15.9	98.15	96.51	16118	0	100	-	32768	38.89	80.74	68.03	7372	18.15
mean	20.55	17.87	93.67	79.84	15797	28.28	95.79	97.63	15875	17.44	98.09	97.81	16111	0.0	99.88	-	32739	39.15	83.07	72.42	7456	18.61
std	0.51	0.31	0.9	2.4	43	1.82	0.77	2.8	68	1.36	0.11	1.91	14	0.0	0.22	-	50	0.32	2.04	3.82	73	0.41
																						
Qwen 3 4B s80 ALPS+retrain OPD-only (0/0/1.0)  [1/3 seeds complete]																						wandb n9omc089	cosmos1030/gmp-4b-s80pct-lr1e-4_20260918_071932	https://wandb.ai/dyk6208-gwangju-institute-of-science-and-technology/reasoning_qwen3_4b_nostrip8192/runs/n9omc089
	avg5	math500				GPQA				IFEval				LCB				GSM8K				avg4 (no GPQA)
seed	accuracy	accuracy	truncation rate	correct truncation rate	avg tokens	accuracy	truncation rate	correct truncation rate	avg tokens	accuracy	truncation rate	correct truncation rate	avg tokens	accuracy	truncation rate	correct truncation rate	avg tokens	accuracy	truncation rate	correct truncation rate	avg tokens	accuracy
42	17.15	11.6	100	100	16384	25.76	100	100	16384	17.93	100	100	16384	0	100	-	32768	30.48	100	100	8192	15.0
																						
Qwen 3 4B s80 ALPS+retrain w/o OPD  [2/3 seeds complete]  [failed/finished]																						wandb crdshw6m fkndzhi2 lvz24ob8	cosmos1030/gmp-kd5e-1-4b-s80pct-lr1e-4_20260917_102335	https://wandb.ai/dyk6208-gwangju-institute-of-science-and-technology/reasoning_qwen3_4b_nostrip8192/runs/crdshw6m https://wandb.ai/dyk6208-gwangju-institute-of-science-and-technology/reasoning_qwen3_4b_nostrip8192/runs/fkndzhi2 https://wandb.ai/dyk6208-gwangju-institute-of-science-and-technology/reasoning_qwen3_4b_nostrip8192/runs/lvz24ob8
	avg5	math500				GPQA				IFEval				LCB				GSM8K				avg4 (no GPQA)
seed	accuracy	accuracy	truncation rate	correct truncation rate	avg tokens	accuracy	truncation rate	correct truncation rate	avg tokens	accuracy	truncation rate	correct truncation rate	avg tokens	accuracy	truncation rate	correct truncation rate	avg tokens	accuracy	truncation rate	correct truncation rate	avg tokens	accuracy
0	19.33	15.8	90.2	70.89	15513	29.29	86.87	82.76	14758	17.38	89.46	82.98	14850	0	100	-	32768	34.19	73.84	57.87	6966	16.84
1	-	17.8	87.0	59.55	15242	28.28	88.89	91.07	15110	-	-	-	-	-	-	-	-	-	-	-	-	-
42	18.49	17.0	91.0	71.76	15522	26.77	87.37	81.13	14955	15.53	90.02	92.86	14909	0	99.63	-	32666	33.13	77.03	66.59	7160	16.41
mean	18.91	16.87	89.4	67.4	15426	28.11	87.71	84.99	14941	16.45	89.74	87.92	14880	0.0	99.81	-	32717	33.66	75.44	62.23	7063	16.63
std	0.6	1.01	2.12	6.81	159	1.27	1.05	5.33	176	1.31	0.39	6.99	42	0.0	0.26	-	72	0.75	2.25	6.17	137	0.3
																						
Qwen 3 4B s80 Ours																						wandb 0qeykb19 ush52nf1	cosmos1030/gmp-kd3e-1-s80pct-lr1e-4_20260916_220740	https://wandb.ai/dyk6208-gwangju-institute-of-science-and-technology/reasoning_qwen3_4b_nostrip8192/runs/0qeykb19 https://wandb.ai/dyk6208-gwangju-institute-of-science-and-technology/reasoning_qwen3_4b_nostrip8192/runs/ush52nf1
	avg5	math500				GPQA				IFEval				LCB				GSM8K				avg4 (no GPQA)
seed	accuracy	accuracy	truncation rate	correct truncation rate	avg tokens	accuracy	truncation rate	correct truncation rate	avg tokens	accuracy	truncation rate	correct truncation rate	avg tokens	accuracy	truncation rate	correct truncation rate	avg tokens	accuracy	truncation rate	correct truncation rate	avg tokens	accuracy
0	31.6	48.0	50.4	19.58	11207	26.77	86.36	88.68	15089	18.85	93.72	94.12	15565	0	95.52	-	31622	64.37	39.2	22.5	5367	32.81
1	30.94	45.4	52.2	20.7	11341	22.22	90.91	90.91	15445	21.81	93.72	87.29	15541	0	95.15	-	31653	65.28	40.86	23.81	5380	33.12
42	31.52	44.8	52.8	18.75	11429	25.76	91.41	88.24	15712	21.07	93.53	85.96	15540	0	94.78	-	31969	65.96	38.82	22.87	5298	32.96
mean	31.35	46.07	51.8	19.68	11326	24.92	89.56	89.27	15415	20.58	93.65	89.12	15549	0.0	95.15	-	31748	65.2	39.63	23.06	5348	32.96
std	0.36	1.7	1.25	0.98	112	2.39	2.78	1.43	313	1.54	0.11	4.38	14	0.0	0.37	-	192	0.8	1.09	0.68	44	0.16
																						
Qwen 3 4B s80 Ours + DPO (lr1e-5, ep0.4)																						wandb 9s01x120 p6492hqj	Riasok/dpo-scout-s80-ultrafeedback-lr1e-5-beta0.05-epoch0.4_20260918	https://wandb.ai/dyk6208-gwangju-institute-of-science-and-technology/reasoning_qwen3_4b_nostrip8192/runs/9s01x120 https://wandb.ai/dyk6208-gwangju-institute-of-science-and-technology/reasoning_qwen3_4b_nostrip8192/runs/p6492hqj
	avg5	math500				GPQA				IFEval				LCB				GSM8K				avg4 (no GPQA)
seed	accuracy	accuracy	truncation rate	correct truncation rate	avg tokens	accuracy	truncation rate	correct truncation rate	avg tokens	accuracy	truncation rate	correct truncation rate	avg tokens	accuracy	truncation rate	correct truncation rate	avg tokens	accuracy	truncation rate	correct truncation rate	avg tokens	accuracy
0	33.34	48.8	46.4	10.66	10592	29.8	88.38	91.53	15203	22.37	85.4	75.21	14539	0.37	91.79	0	31326	65.35	31.01	13.23	4530	34.22
1	31.92	46.6	50.6	12.88	10738	22.22	86.36	86.36	15124	23.48	86.88	74.8	14711	0	90.3	-	30727	67.32	28.35	11.26	4383	34.35
42	33.18	47.2	48.6	13.98	10759	26.77	82.32	81.13	15001	23.84	84.1	72.09	14306	0	91.04	-	30856	68.08	26.91	11.47	4372	34.78
mean	32.81	47.53	48.53	12.5	10696	26.26	85.69	86.34	15109	23.23	85.46	74.03	14519	0.12	91.04	-	30970	66.92	28.76	11.99	4428	34.45
std	0.77	1.14	2.1	1.69	91	3.81	3.09	5.2	102	0.77	1.39	1.69	203	0.22	0.75	-	316	1.41	2.08	1.08	88	0.29
																						
Qwen 3 4B s80 Ours + DPO (lr5e-6, ep1.0)																						wandb vv5x9gx3 opr5gbsx	Riasok/dpo-scout-s80-ultrafeedback-lr5e-6-beta0.05-epoch1.0_20260918	https://wandb.ai/dyk6208-gwangju-institute-of-science-and-technology/reasoning_qwen3_4b_nostrip8192/runs/vv5x9gx3 https://wandb.ai/dyk6208-gwangju-institute-of-science-and-technology/reasoning_qwen3_4b_nostrip8192/runs/opr5gbsx
	avg5	math500				GPQA				IFEval				LCB				GSM8K				avg4 (no GPQA)
seed	accuracy	accuracy	truncation rate	correct truncation rate	avg tokens	accuracy	truncation rate	correct truncation rate	avg tokens	accuracy	truncation rate	correct truncation rate	avg tokens	accuracy	truncation rate	correct truncation rate	avg tokens	accuracy	truncation rate	correct truncation rate	avg tokens	accuracy
0	33.27	47.0	48.4	13.62	10692	29.29	81.31	81.03	14774	24.03	86.14	77.69	14650	0.37	93.28	0	31380	65.66	29.04	12.59	4476	34.26
1	32.66	49.0	47.2	11.43	10661	24.75	83.33	83.67	15121	23.84	86.14	72.87	14632	0.37	90.67	0	30861	65.35	29.64	10.9	4495	34.64
42	32.83	49.2	46.6	10.57	10687	28.28	81.82	78.57	14720	21.07	87.06	79.82	14732	0	91.42	-	30893	65.58	30.33	13.29	4551	33.96
mean	32.92	48.4	47.4	11.87	10680	27.44	82.15	81.09	14872	22.98	86.44	76.8	14671	0.25	91.79	0.0	31045	65.53	29.67	12.26	4507	34.29
std	0.31	1.22	0.92	1.57	17	2.39	1.05	2.55	218	1.66	0.53	3.56	53	0.22	1.35	0.0	291	0.16	0.64	1.23	39	0.34
																						
Qwen 3 4B s80 Cubic schedule, no PGD (pace-matched)  [1/3 seeds complete]																						wandb 5scafjrm	/NHNHOME/log-postech/doyoonkim/models/gmp_4b_s80pct_lr0.0001_onpol_lmda0.33_20260922_181742_p13958	https://wandb.ai/dyk6208-gwangju-institute-of-science-and-technology/reasoning_qwen3_4b_nostrip8192/runs/5scafjrm
	avg5	math500				GPQA				IFEval				LCB				GSM8K				avg4 (no GPQA)
seed	accuracy	accuracy	truncation rate	correct truncation rate	avg tokens	accuracy	truncation rate	correct truncation rate	avg tokens	accuracy	truncation rate	correct truncation rate	avg tokens	accuracy	truncation rate	correct truncation rate	avg tokens	accuracy	truncation rate	correct truncation rate	avg tokens	accuracy
42	31.32	49.8	46.6	15.66	10576	22.22	89.39	86.36	15291	20.89	96.67	93.81	15979	0	95.9	-	31797	63.68	38.21	19.76	5281	33.59
																						
Qwen 3 4B s80 s3_4b_frozenpool_s80_seed42  [1/3 seeds complete]																						wandb sg28h4lr	/NHNHOME/log-postech/doyoonkim/models/gmp_4b_s80pct_lr0.0001_onpol_lmda0.33_20260922_062919_p332553	https://wandb.ai/dyk6208-gwangju-institute-of-science-and-technology/reasoning_qwen3_4b_nostrip8192/runs/sg28h4lr
	avg5	math500				GPQA				IFEval				LCB				GSM8K				avg4 (no GPQA)
seed	accuracy	accuracy	truncation rate	correct truncation rate	avg tokens	accuracy	truncation rate	correct truncation rate	avg tokens	accuracy	truncation rate	correct truncation rate	avg tokens	accuracy	truncation rate	correct truncation rate	avg tokens	accuracy	truncation rate	correct truncation rate	avg tokens	accuracy
42	32.03	46.8	51.4	18.38	10852	28.28	85.35	82.14	14777	20.89	91.5	86.73	15207	0.75	94.03	0	31164	63.46	34.12	15.53	4602	32.97
																						
