label	avg	MATH	GPQA	IFEval	LCB	GSM8K	on_hub	url	ckpt	local_size	log
4B S50 lr=5e-5	63.13	86.80	46.97	73.01	24.63	84.23	yes	https://huggingface.co/cosmos1030/gmp-kd3e-1-s50pct-lr5e-5_20260824_204908	gmp_s50pct_lr5e-05_onpol_lmda0.33_20260824_193511	8.1 GB	gmp_pgd_klgate_4b_s50_lr5e-5_pgdint8_mi32.launch.log
4B S50 d=0.01 lr=5e-5 B1frozen(ro=4096)	62.54	85.40	48.99	70.06	25.00	83.24	yes	https://huggingface.co/cosmos1030/gmp-kd3e-1-s50pct-lr5e-5_20260903_080351	gmp_s50pct_lr5e-05_onpol_lmda0.33_20260903_065320	8.1 GB	ablation_B1_frozen_pool_4b/s50_ro4096.log
4B S50 rule=schedule	62.09	87.20	46.46	69.32	24.25	83.24	yes	https://huggingface.co/cosmos1030/gmp-kd3e-1-s50pct-lr5e-5_20260903_142204	gmp_s50pct_lr5e-05_onpol_lmda0.33_20260903_131206	8.1 GB	ablation_A2_schedule_4b/s50_A2sched_matched.log
4B S50 d=0.01 lr=5e-5	62.06	86.80	40.91	72.64	26.12	83.85	yes	https://huggingface.co/cosmos1030/gmp-kd3e-1-s50pct-lr5e-5_20260901_060006	gmp_s50pct_lr5e-05_onpol_lmda0.33_20260901_044830	8.1 GB	queue_gmp_pgd_grow_to_target_4b/s50_klb0.01.log
4B S50 d=999 lr=5e-5	62.04	85.00	44.95	72.27	23.88	84.08	yes	https://huggingface.co/cosmos1030/gmp-kd3e-1-s50pct-lr5e-5_20260826_230731	gmp_s50pct_lr5e-05_onpol_lmda0.33_20260826_215416		queue_gmp_pgd_klgate_4b/s50_u_duringgrowth.log
4B S50 d=99999 lr=5e-5 B1frozen(ro=4096)	62.02	85.60	44.95	73.01	22.39	84.15	yes	https://huggingface.co/cosmos1030/gmp-kd3e-1-s50pct-lr5e-5_20260904_202248	gmp_s50pct_lr5e-05_onpol_lmda0.33_20260904_191048	8.1 GB	ablation_A3B1_nogate_frozen_4b/s50_nogate_frozen.log
4B S50 d=0.02 lr=5e-5	61.39	85.80	42.93	72.27	22.39	83.55	yes	https://huggingface.co/cosmos1030/gmp-kd3e-1-s50pct-lr5e-5_20260901_055908	gmp_s50pct_lr5e-05_onpol_lmda0.33_20260901_044653	8.1 GB	queue_gmp_pgd_grow_to_target_4b/s50_klb0.02.log
4B S50 d=0.02 lr=5e-5	61.25	87.20	38.38	71.90	25.00	83.78	yes	https://huggingface.co/cosmos1030/gmp-kd3e-1-s50pct-lr5e-5_20260824_084326	gmp_s50pct_lr5e-05_onpol_lmda0.33_20260824_072709	8.1 GB	gmp_pgd_klgate_4b_s50_lr5e-5_mi32_opd512.launch.log
4B S50 d=999 lr=5e-5	60.59	86.00	39.39	70.06	23.88	83.62	yes	https://huggingface.co/cosmos1030/gmp-kd3e-1-s50pct-lr5e-5_20260827_055110	gmp_s50pct_lr5e-05_onpol_lmda0.33_20260827_044056		queue_gmp_pgd_klgate_4b/s50_u_posttargetonly.log
4B S50 d=99999 lr=5e-5	60.51	83.00	44.95	67.84	23.13	83.62	yes	https://huggingface.co/cosmos1030/gmp-kd3e-1-s50pct-lr5e-5_20260903_072959	gmp_s50pct_lr5e-05_onpol_lmda0.33_20260903_061708	8.1 GB	ablation_A3_nogate_4b/s50_nogate.log
4B S60 lr=5e-5	56.11	81.60	38.38	59.15	21.64	79.76	yes	https://huggingface.co/cosmos1030/gmp-kd3e-1-s60pct-lr5e-5_20260824_205132	gmp_s60pct_lr5e-05_onpol_lmda0.33_20260824_193304	8.1 GB	gmp_pgd_klgate_4b_s60_lr5e-5_pgdint8_mi32.launch.log
4B S60 d=0.01 lr=5e-5	55.93	79.80	42.42	58.04	18.28	81.12	yes	https://huggingface.co/cosmos1030/gmp-kd3e-1-s60pct-lr5e-5_20260903_071754	gmp_s60pct_lr5e-05_onpol_lmda0.33_20260903_060056	8.1 GB	queue_gmp_pgd_grow_to_target_4b/s60_klb0.01.log
4B S60 d=0.02 lr=5e-5	55.35	81.20	41.41	56.19	18.28	79.68	yes	https://huggingface.co/cosmos1030/gmp-kd3e-1-s60pct-lr5e-5_20260901_075817	gmp_s60pct_lr5e-05_onpol_lmda0.33_20260901_064159	8.1 GB	queue_gmp_pgd_grow_to_target_4b/s60_klb0.02.log
4B S60 lr=5e-5	55.34	81.20	36.36	59.52	20.52	79.08	yes	https://huggingface.co/cosmos1030/gmp-kd3e-1-s60pct-lr5e-5_20260824_091329	gmp_s60pct_lr5e-05_onpol_lmda0.33_20260824_075436	8.1 GB	gmp_pgd_klgate_4b_s60_lr5e-5_mi32_opd512_v2.launch.log
4B S60 rule=schedule	55.18	80.80	41.41	58.78	15.67	79.23	yes	https://huggingface.co/cosmos1030/gmp-kd3e-1-s60pct-lr5e-5_20260903_142617	gmp_s60pct_lr5e-05_onpol_lmda0.33_20260903_131140	8.1 GB	ablation_A2_schedule_4b/s60_A2sched_er0.5.log
4B S60 rule=schedule	54.60	81.20	37.37	57.49	16.42	80.52	yes	https://huggingface.co/cosmos1030/gmp-kd3e-1-s60pct-lr5e-5_20260903_142958	gmp_s60pct_lr5e-05_onpol_lmda0.33_20260903_131440	8.1 GB	ablation_A2_schedule_4b/s60_A2sched_matched.log
4B S60 d=0.02 lr=5e-5 B1frozen(ro=4096)	53.70	79.60	36.36	56.56	15.67	80.29	yes	https://huggingface.co/cosmos1030/gmp-kd3e-1-s60pct-lr5e-5_20260903_081011	gmp_s60pct_lr5e-05_onpol_lmda0.33_20260903_065427	8.1 GB	ablation_B1_frozen_pool_4b/s60_ro4096.log
4B S60 d=99999 lr=5e-5 B1frozen(ro=4096)	52.46	76.00	33.33	55.64	16.42	80.89	yes	https://huggingface.co/cosmos1030/gmp-kd3e-1-s60pct-lr5e-5_20260904_203017	gmp_s60pct_lr5e-05_onpol_lmda0.33_20260904_191151	8.1 GB	ablation_A3B1_nogate_frozen_4b/s60_nogate_frozen.log
4B S60 d=999 lr=1e-4	52.13	79.20	34.34	51.39	16.79	78.92	yes	https://huggingface.co/cosmos1030/gmp-kd3e-1-s60pct-lr1e-4_20260826_231619	gmp_s60pct_lr0.0001_onpol_lmda0.33_20260826_215546		queue_gmp_pgd_klgate_4b/s60_u_duringgrowth.log
4B S60 d=999 lr=1e-4	51.84	79.20	33.84	49.91	15.67	80.59	yes	https://huggingface.co/cosmos1030/gmp-kd3e-1-s60pct-lr1e-4_20260827_060409	gmp_s60pct_lr0.0001_onpol_lmda0.33_20260827_044241		queue_gmp_pgd_klgate_4b/s60_u_posttargetonly.log
4B S50	50.15	78.40	35.86	47.87	13.43	75.21	yes	https://huggingface.co/cosmos1030/gmp-kd3e-1-s50pct-lr5e-5_20260910_123215	gmp_s50pct_lr5e-05_onpol_lmda0.33_20260910_111011	8.1 GB	alps_4b_24/alps_retrain_4b_n24_tok512_lr5e-05.log
4B S60 d=99999 lr=5e-5	50.03	75.60	29.80	51.57	13.43	79.76	yes	https://huggingface.co/cosmos1030/gmp-kd3e-1-s60pct-lr5e-5_20260903_072128	gmp_s60pct_lr5e-05_onpol_lmda0.33_20260903_060508	8.1 GB	ablation_A3_nogate_4b/s60_nogate.log
4B S50	49.46	77.80	32.83	44.36	15.67	76.65	yes	https://huggingface.co/cosmos1030/gmp-kd3e-1-s50pct-lr1e-4_20260910_123504	gmp_s50pct_lr0.0001_onpol_lmda0.33_20260910_111232	8.1 GB	alps_4b_24/alps_retrain_4b_n24_tok512_lr1e-4.log
4B 2:4 d=0.01 lr=1e-4	47.23	69.40	36.87	43.62	10.07	76.19	yes	https://huggingface.co/cosmos1030/gmp-kd3e-1-s50pct-lr1e-4_20260902_001033	gmp_s50pct_lr0.0001_onpol_lmda0.33_20260901_224723	8.1 GB	queue_gmp_pgd_grow_to_target_4b_24/klb0.01.log
4B S70 d=0.02 lr=1e-4	45.58	72.40	35.86	39.93	8.21	71.49	yes	https://huggingface.co/cosmos1030/gmp-kd3e-1-s70pct-lr1e-4_20260901_080954	gmp_s70pct_lr0.0001_onpol_lmda0.33_20260901_064301	8.1 GB	queue_gmp_pgd_grow_to_target_4b/s70_klb0.02.log
4B S70 d=0.02 lr=1e-4	45.27	72.40	31.82	41.96	5.97	74.22	yes	https://huggingface.co/cosmos1030/gmp-kd3e-1-s70pct-lr1e-4_20260905_165427	gmp_s70pct_lr0.0001_onpol_lmda0.33_20260905_152806	8.1 GB	ablation_warmup_sweep_4b_s70/s70_warm512.log
4B 2:4 d=0.02 lr=1e-4	45.17	71.20	30.30	41.04	10.82	72.48	yes	https://huggingface.co/cosmos1030/gmp-kd3e-1-s50pct-lr1e-4_20260902_000809	gmp_s50pct_lr0.0001_onpol_lmda0.33_20260901_224413	8.1 GB	queue_gmp_pgd_grow_to_target_4b_24/klb0.02.log
4B 2:4 d=999 lr=1e-4	44.51	68.80	28.79	43.81	7.46	73.69	yes	https://huggingface.co/cosmos1030/gmp-kd3e-1-s50pct-lr1e-4_20260826_230856	gmp_s50pct_lr0.0001_onpol_lmda0.33_20260826_214103		queue_gmp_pgd_klgate_4b/s50_24_duringgrowth.log
4B 2:4 d=0.02 lr=1e-4 +comp	44.37	65.60	30.81	40.67	9.70	75.06	yes	https://huggingface.co/cosmos1030/gmp-kd3e-1-s50pct-lr1e-4_20260910_060458	gmp_s50pct_lr0.0001_onpol_lmda0.33_20260910_044130	8.1 GB	nm_compensate/4b_24_klb0.02_comp_v2.log
4B 2:4 d=0.01 lr=1e-4 +comp	44.16	67.20	33.84	39.74	7.46	72.55	yes	https://huggingface.co/cosmos1030/gmp-kd3e-1-s50pct-lr1e-4_20260910_060813	gmp_s50pct_lr0.0001_onpol_lmda0.33_20260910_044350	8.1 GB	nm_compensate/4b_24_klb0.01_comp_v2.log
4B S70 d=0.02 lr=1e-4 B1frozen(ro=4096)	43.97	72.80	28.79	37.89	4.48	75.89	yes	https://huggingface.co/cosmos1030/gmp-kd3e-1-s70pct-lr1e-4_20260903_081638	gmp_s70pct_lr0.0001_onpol_lmda0.33_20260903_065326	8.1 GB	ablation_B1_frozen_pool_4b/s70_ro4096.log
4B S70 d=0.02 lr=1e-4	43.89	71.80	30.30	36.23	4.85	76.27	yes	https://huggingface.co/cosmos1030/gmp-kd3e-1-s70pct-lr1e-4_20260905_165318	gmp_s70pct_lr0.0001_onpol_lmda0.33_20260905_152937	8.1 GB	ablation_warmup_sweep_4b_s70/s70_warm1024.log
4B 2:4 lr=1e-4	43.81	64.00	30.30	41.96	10.07	72.71	yes	https://huggingface.co/cosmos1030/gmp-kd3e-1-s50pct-lr1e-4_20260824_211520	gmp_s50pct_lr0.0001_onpol_lmda0.33_20260824_194912	8.1 GB	gmp_pgd_klgate_4b_24_lr1e-4_pgdint8_mi32_nolasso.launch.log
4B S70 rule=schedule	42.75	70.60	29.29	34.20	7.09	72.55	yes	https://huggingface.co/cosmos1030/gmp-kd3e-1-s70pct-lr1e-4_20260903_144159	gmp_s70pct_lr0.0001_onpol_lmda0.33_20260903_131447	8.1 GB	ablation_A2_schedule_4b/s70_A2sched_matched.log
4B S70 d=999 lr=1e-4	42.70	70.20	28.28	38.08	5.60	71.34	yes	https://huggingface.co/cosmos1030/gmp-kd3e-1-s70pct-lr1e-4_20260827_060349	gmp_s70pct_lr0.0001_onpol_lmda0.33_20260827_043702		queue_gmp_pgd_klgate_4b/s70_u_posttargetonly.log
4B 2:4 lr=1e-4	42.47	64.60	28.79	37.89	8.58	72.48	yes	https://huggingface.co/cosmos1030/gmp-kd3e-1-s50pct-lr1e-4_20260824_125640	gmp_s50pct_lr0.0001_onpol_lmda0.33_20260824_112821	8.1 GB	gmp_pgd_klgate_4b_24_lr1e-4_bs1_mi32_opd512_nolasso.launch.log
4B S70 lr=1e-4	42.31	68.00	31.31	38.08	4.85	69.29	yes	https://huggingface.co/cosmos1030/gmp-kd3e-1-s70pct-lr1e-4_20260824_210546	gmp_s70pct_lr0.0001_onpol_lmda0.33_20260824_193758	8.1 GB	gmp_pgd_klgate_4b_s70_lr1e-4_pgdint8_mi32.launch.log
4B S70 d=999 lr=1e-4	41.93	71.00	28.79	32.90	5.22	71.72	yes	https://huggingface.co/cosmos1030/gmp-kd3e-1-s70pct-lr1e-4_20260826_232251	gmp_s70pct_lr0.0001_onpol_lmda0.33_20260826_215407		queue_gmp_pgd_klgate_4b/s70_u_duringgrowth.log
4B S70 d=99999 lr=1e-4	41.87	64.40	28.28	40.85	4.85	70.96	yes	https://huggingface.co/cosmos1030/gmp-kd3e-1-s70pct-lr1e-4_20260903_072918	gmp_s70pct_lr0.0001_onpol_lmda0.33_20260903_060450	8.1 GB	ablation_A3_nogate_4b/s70_nogate.log
4B S70 d=0.02 lr=1e-4	41.84	68.00	28.79	33.09	9.70	69.60	yes	https://huggingface.co/cosmos1030/gmp-kd3e-1-s70pct-lr1e-4_20260904_211103	gmp_s70pct_lr0.0001_onpol_lmda0.33_20260904_193834	8.1 GB	ablation_warm0_4b_s70/s70_warm0.log
4B S70 d=0.01 lr=1e-4	41.20	68.40	28.28	33.83	5.60	69.90	yes	https://huggingface.co/cosmos1030/gmp-kd3e-1-s70pct-lr1e-4_20260903_072500	gmp_s70pct_lr0.0001_onpol_lmda0.33_20260903_055641	8.1 GB	queue_gmp_pgd_grow_to_target_4b/s70_klb0.01.log
4B S70 d=99999 lr=1e-4 B1frozen(ro=4096)	40.94	62.20	27.78	37.52	4.85	72.33	yes	https://huggingface.co/cosmos1030/gmp-kd3e-1-s70pct-lr1e-4_20260904_204431	gmp_s70pct_lr0.0001_onpol_lmda0.33_20260904_191450	8.1 GB	ablation_A3B1_nogate_frozen_4b/s70_nogate_frozen.log
4B S70 d=0.02 lr=1e-4	40.79	68.00	30.30	30.13	4.48	71.04	yes	https://huggingface.co/cosmos1030/gmp-kd3e-1-s70pct-lr1e-4_20260824_093222	gmp_s70pct_lr0.0001_onpol_lmda0.33_20260824_075727	8.1 GB	gmp_pgd_klgate_4b_s70_lr1e-4_mi32_opd512.launch.log
4B S70 rule=schedule	40.45	68.40	28.28	31.42	5.97	68.16	yes	https://huggingface.co/cosmos1030/gmp-kd3e-1-s70pct-lr1e-4_20260903_144006	gmp_s70pct_lr0.0001_onpol_lmda0.33_20260903_131246	8.1 GB	ablation_A2_schedule_4b/s70_A2sched_er0.5.log
4B S70 d=0.02 lr=1e-4	38.05	59.00	27.78	29.76	4.48	69.22	yes	https://huggingface.co/cosmos1030/gmp-kd3e-1-s70pct-lr1e-4_20260828_073925	gmp_s70pct_lr0.0001_onpol_lmda0.33_20260828_073925		queue_gmp_pgd_klgate_4b_reversekl/s70_capped_reversekl.log
4B 2:4 d=999 lr=1e-4	36.65	55.20	27.78	31.42	4.10	64.75	yes	https://huggingface.co/cosmos1030/gmp-kd3e-1-s50pct-lr1e-4_20260827_060353	gmp_s50pct_lr0.0001_onpol_lmda0.33_20260827_042748		queue_gmp_pgd_klgate_4b/s50_24_posttargetonly.log
4B S70 d=0.02 lr=1e-4 jump	36.55	59.40	29.29	30.50	2.24	61.33	yes	https://huggingface.co/cosmos1030/gmp-kd3e-1-s70pct-lr1e-4_20260909_213205	gmp_s70pct_lr0.0001_onpol_lmda0.33_20260909_200053	8.1 GB	ablation4b_jump/s70_A3jump_4b_resume.log
4B S70 d=999 lr=1e-4	35.84	58.80	24.75	26.06	1.87	67.70	yes	https://huggingface.co/cosmos1030/gmp-kd3e-1-s70pct-lr1e-4_20260828_090919	gmp_s70pct_lr0.0001_onpol_lmda0.33_20260828_073529	8.1 GB	queue_gmp_pgd_klgate_4b_reversekl/s70_uncapped_reversekl.log
4B S70 d=0.02 lr=1e-4 jump B1frozen(ro=4096)	33.14	46.60	32.32	26.80	0.75	59.21	yes	https://huggingface.co/cosmos1030/gmp-kd3e-1-s70pct-lr1e-4_20260909_221717	gmp_s70pct_lr0.0001_onpol_lmda0.33_20260909_204247	8.1 GB	ablation4b_jump/s70_A3B1jump_4b_resume.log
8B S50 d=0.01 lr=5e-5	64.68	86.20	51.01	77.08	24.63	84.46	yes	https://huggingface.co/cosmos1030/gmp-kd3e-1-s50pct-lr5e-5_20260907_210125	gmp_s50pct_lr5e-05_onpol_lmda0.33_20260907_194808	16.4 GB	delta_resweep_opkdfix/s50_delta0.01.log
8B S50 d=0.03 lr=5e-5	64.18	86.80	48.48	76.52	27.24	81.88	yes	https://huggingface.co/cosmos1030/gmp-kd3e-1-s50pct-lr5e-5_20260906_054546	gmp_s50pct_lr5e-05_onpol_lmda0.33_20260906_043252	16.4 GB	delta_sweep_8b_s50_s60/s50_delta0.03.log
8B S50 d=0.02 lr=5e-5	63.91	85.20	50.00	76.16	24.63	83.55	yes	https://huggingface.co/cosmos1030/gmp-kd3e-1-s50pct-lr5e-5_20260907_220137	gmp_s50pct_lr5e-05_onpol_lmda0.33_20260907_205011	16.4 GB	delta_resweep_opkdfix/s50_delta0.02.log
8B S50 d=0.005 lr=5e-5	63.83	87.00	47.47	74.49	27.24	82.94	yes	https://huggingface.co/cosmos1030/gmp-kd3e-1-s50pct-lr5e-5_20260910_051156	gmp_s50pct_lr5e-05_onpol_lmda0.33_20260910_035856	16.4 GB	delta005_fsdp2/s50_delta0.005_fsdp2.log
8B S50 d=0.01 lr=5e-5	63.57	86.60	46.97	75.23	26.12	82.94	yes	https://huggingface.co/cosmos1030/gmp-kd3e-1-s50pct-lr5e-5_20260901_165041	gmp_s50pct_lr5e-05_onpol_lmda0.33_20260901_153749		queue_gmp_pgd_grow_to_target_8b/s50_klb0.01.log
8B S50 d=0.03 lr=5e-5	63.56	85.40	46.46	76.34	25.37	84.23	yes	https://huggingface.co/cosmos1030/gmp-kd3e-1-s50pct-lr5e-5_20260907_005001	gmp_s50pct_lr5e-05_onpol_lmda0.33_20260906_234037	16.4 GB	opkdfix_8b_s50_s60_delta0.03/s50_delta0.03_opkdfix.log
8B S50 lr=5e-5	63.06	85.60	44.95	76.52	25.00	83.24	yes	https://huggingface.co/cosmos1030/gmp-kd3e-1-s50pct-lr5e-5_20260825_073546	gmp_s50pct_lr5e-05_onpol_lmda0.33_20260825_062313	16.4 GB	gmp_pgd_klgate_8b_s50_lr5e-5_fsdp2gpu_v2.launch.log
8B S50 d=999 lr=5e-5	62.70	83.80	47.98	75.05	24.63	82.03	yes	https://huggingface.co/cosmos1030/gmp-kd3e-1-s50pct-lr5e-5_20260827_133259	gmp_s50pct_lr5e-05_onpol_lmda0.33_20260827_133259		queue_gmp_pgd_klgate_8b/s50_u_duringgrowth.log
8B S50	62.44	85.00	42.42	75.60	26.49	82.71	yes	https://huggingface.co/cosmos1030/gmp-kd3e-1-s50pct-lr5e-5_20260908_053513	gmp_s50pct_lr5e-05_onpol_lmda0.33_20260908_042209	16.4 GB	alpssft512_8b/alpssft512_s50.log
8B S50 d=0.02 lr=5e-5	61.56	84.20	48.48	70.79	23.51	80.82	yes	https://huggingface.co/cosmos1030/gmp-kd3e-1-s50pct-lr5e-5_20260831_190310	gmp_s50pct_lr5e-05_onpol_lmda0.33_20260831_174631	16.4 GB	queue_gmp_pgd_klgate_8b_cubic/s50_cubic.log
8B S60 lr=5e-5	59.19	82.80	43.94	65.99	21.27	81.96	yes	https://huggingface.co/cosmos1030/gmp-kd3e-1-s60pct-lr5e-5_20260825_074409	gmp_s60pct_lr5e-05_onpol_lmda0.33_20260825_062633	16.4 GB	gmp_pgd_klgate_8b_s60_lr5e-5_fsdp2gpu_v2.launch.log
8B S60 d=0.01 lr=5e-5	58.90	81.60	41.41	66.17	22.39	82.94	yes	https://huggingface.co/cosmos1030/gmp-kd3e-1-s60pct-lr5e-5_20260907_142152	gmp_s60pct_lr5e-05_onpol_lmda0.33_20260907_130542	16.4 GB	delta_resweep_opkdfix/s60_delta0.01.log
8B S60 d=0.01 lr=5e-5	58.87	81.20	42.93	65.80	21.64	82.79	yes	https://huggingface.co/cosmos1030/gmp-kd3e-1-s60pct-lr5e-5_20260902_230621	gmp_s60pct_lr5e-05_onpol_lmda0.33_20260902_215018		queue_gmp_pgd_grow_to_target_8b/s60_klb0.01_v2.log
8B S60 d=0.03 lr=5e-5	58.59	82.60	44.44	64.33	19.03	82.56	yes	https://huggingface.co/cosmos1030/gmp-kd3e-1-s60pct-lr5e-5_20260907_015307	gmp_s60pct_lr5e-05_onpol_lmda0.33_20260907_004138	16.4 GB	opkdfix_8b_s50_s60_delta0.03/s60_delta0.03_opkdfix.log
8B S60 d=0.03 lr=5e-5	58.49	82.60	45.45	63.40	17.91	83.09	yes	https://huggingface.co/cosmos1030/gmp-kd3e-1-s60pct-lr5e-5_20260906_055529	gmp_s60pct_lr5e-05_onpol_lmda0.33_20260906_043957	16.4 GB	delta_sweep_8b_s50_s60/s60_delta0.03.log
8B S60 d=0.02 lr=5e-5	58.06	81.20	42.93	65.99	17.91	82.26	yes	https://huggingface.co/cosmos1030/gmp-kd3e-1-s60pct-lr5e-5_20260901_165249	gmp_s60pct_lr5e-05_onpol_lmda0.33_20260901_153400		queue_gmp_pgd_grow_to_target_8b/s60.log
8B S60	57.61	82.80	37.37	65.99	22.76	79.15	yes	https://huggingface.co/cosmos1030/gmp-kd3e-1-s60pct-lr5e-5_20260908_054305	gmp_s60pct_lr5e-05_onpol_lmda0.33_20260908_042548	16.4 GB	alpssft512_8b/alpssft512_s60.log
8B S60 d=0.02 lr=5e-5	57.29	83.00	36.87	65.43	19.40	81.73	yes	https://huggingface.co/cosmos1030/gmp-kd3e-1-s60pct-lr5e-5_20260907_152730	gmp_s60pct_lr5e-05_onpol_lmda0.33_20260907_141314	16.4 GB	delta_resweep_opkdfix/s60_delta0.02.log
8B S50	55.64	81.80	39.39	57.12	20.52	79.38	yes	https://huggingface.co/cosmos1030/gmp-kd3e-1-s50pct-lr1e-4_20260908_140051	gmp_s50pct_lr0.0001_onpol_lmda0.33_20260908_124044	16.4 GB	alpssft512_8b/alpssft512_n24.log
8B S50 ro=1	55.06	82.00	38.89	59.52	16.42	78.47	yes	https://huggingface.co/cosmos1030/gmp-kd3e-1-s50pct-lr1e-4_20260821_153039	gmp_s50pct_lr0.0001_onpol_lmda0.33_20260821_140855	16.4 GB	alpssft_8b_b200_n24_lr1e-4/run.log
8B S60 d=999 lr=1e-4	53.80	80.00	35.86	54.71	19.03	79.38	yes	https://huggingface.co/cosmos1030/gmp-kd3e-1-s60pct-lr1e-4_20260827_145722	gmp_s60pct_lr0.0001_onpol_lmda0.33_20260827_133331		queue_gmp_pgd_klgate_8b/s60_u_duringgrowth.log
8B 2:4 d=0.01 lr=1e-4	52.64	74.20	34.85	60.44	17.16	76.57	yes	https://huggingface.co/cosmos1030/gmp-kd3e-1-s50pct-lr1e-4_20260910_041750	gmp_s50pct_lr0.0001_onpol_lmda0.33_20260910_030026	16.4 GB	resweep2_opkdfix/n24_klb0.01_resume.log
8B 2:4 d=0.02 lr=1e-4	52.20	74.60	33.84	59.70	15.67	77.18	yes	https://huggingface.co/cosmos1030/gmp-kd3e-1-s50pct-lr1e-4_20260910_054526	gmp_s50pct_lr0.0001_onpol_lmda0.33_20260910_042748	16.4 GB	resweep2_opkdfix/n24_klb0.02.log
8B 2:4 d=0.02 lr=1e-4	51.31	74.20	38.38	54.90	13.43	75.66	yes	https://huggingface.co/cosmos1030/gmp-kd3e-1-s50pct-lr1e-4_20260903_003445	gmp_s50pct_lr0.0001_onpol_lmda0.33_20260902_231340	16.4 GB	queue_gmp_pgd_grow_to_target_8b_24/klb0.02.log
8B 2:4 d=999 lr=1e-4	51.20	71.80	38.38	55.45	14.18	76.19	yes	https://huggingface.co/cosmos1030/gmp-kd3e-1-s50pct-lr1e-4_20260828_050544	gmp_s50pct_lr0.0001_onpol_lmda0.33_20260828_034431		queue_gmp_pgd_klgate_8b/s50_24_duringgrowth.log
8B 2:4 lr=1e-4	50.47	73.80	32.83	53.97	16.79	74.98	yes	https://huggingface.co/cosmos1030/gmp-kd3e-1-s50pct-lr1e-4_20260825_152633	gmp_s50pct_lr0.0001_onpol_lmda0.33_20260825_140422	16.4 GB	gmp_pgd_klgate_8b_24_lr1e-4_fsdp2gpu_v2.launch.log
8B 2:4 d=0.01 lr=1e-4	50.15	72.60	35.35	53.79	13.43	75.59	yes	https://huggingface.co/cosmos1030/gmp-kd3e-1-s50pct-lr1e-4_20260902_234728	gmp_s50pct_lr0.0001_onpol_lmda0.33_20260902_222528	16.4 GB	queue_gmp_pgd_grow_to_target_8b_24/klb0.01_v13.log
8B S70 d=0.02 lr=1e-4	50.12	77.40	38.38	46.58	8.58	79.68	yes	https://huggingface.co/cosmos1030/gmp-kd3e-1-s70pct-lr1e-4_20260907_073958	gmp_s70pct_lr0.0001_onpol_lmda0.33_20260907_061803	16.4 GB	delta_resweep_opkdfix/s70_delta0.02.log
8B S70 d=0.01 lr=1e-4	49.84	75.20	35.35	47.87	12.69	78.09	yes	https://huggingface.co/cosmos1030/gmp-kd3e-1-s70pct-lr1e-4_20260908_034050	gmp_s70pct_lr0.0001_onpol_lmda0.33_20260908_021645	16.4 GB	resweep2_opkdfix/s70_delta0.01.log
8B S70 d=0.03 lr=1e-4	49.74	78.60	33.84	46.03	12.31	77.94	yes	https://huggingface.co/cosmos1030/gmp-kd3e-1-s70pct-lr1e-4_20260905_222944	gmp_s70pct_lr0.0001_onpol_lmda0.33_20260905_210644	16.4 GB	delta_sweep_8b_s70/s70_delta0.03.log
8B S70 d=0.05 lr=1e-4	49.11	77.40	35.86	45.47	7.84	79.00	yes	https://huggingface.co/cosmos1030/gmp-kd3e-1-s70pct-lr1e-4_20260907_084627	gmp_s70pct_lr0.0001_onpol_lmda0.33_20260907_072207	16.4 GB	delta_resweep_opkdfix/s70_delta0.05.log
8B ?	48.95	76.20	36.87	43.99	10.45	77.26	yes	https://huggingface.co/cosmos1030/gmp-kd3e-1-s70pct-lr1e-4_20260906_190837	gmp_s70pct_lr0.0001_onpol_lmda0.33_20260906_105649		opkdfix_8b_s70_delta0.03/eval_resume.log
8B S70 d=0.02 lr=1e-4 B1frozen(ro=4096)	48.92	76.00	39.39	42.51	10.07	76.65	yes	https://huggingface.co/cosmos1030/gmp-kd3e-1-s70pct-lr1e-4_20260909_201529	gmp_s70pct_lr0.0001_onpol_lmda0.33_20260909_185223	16.4 GB	resweep2_opkdfix/s70_B1frozen_retry_resume.log
8B S70 lr=1e-4	48.06	73.60	34.85	45.47	11.19	75.21	yes	https://huggingface.co/cosmos1030/gmp-kd3e-1-s70pct-lr1e-4_20260825_152927	gmp_s70pct_lr0.0001_onpol_lmda0.33_20260825_140241	16.4 GB	gmp_pgd_klgate_8b_s70_lr1e-4_fsdp2gpu_v2.launch.log
8B S70 d=0.05 lr=1e-4	47.49	77.00	32.32	43.07	6.34	78.70	yes	https://huggingface.co/cosmos1030/gmp-kd3e-1-s70pct-lr1e-4_20260905_232353	gmp_s70pct_lr0.0001_onpol_lmda0.33_20260905_215808	16.4 GB	delta_sweep_8b_s70/s70_delta0.05.log
8B S70 d=0.02 lr=1e-4	47.21	74.40	36.87	40.48	5.97	78.32	yes	https://huggingface.co/cosmos1030/gmp-kd3e-1-s70pct-lr1e-4_20260901_225227	gmp_s70pct_lr0.0001_onpol_lmda0.33_20260901_212817		queue_gmp_pgd_grow_to_target_8b/s70.log
8B S70 d=0.02 lr=1e-4 B1frozen(ro=4096)	46.80	76.00	31.31	39.74	9.33	77.63	yes	https://huggingface.co/cosmos1030/gmp-kd3e-1-s70pct-lr1e-4_20260905_081916	gmp_s70pct_lr0.0001_onpol_lmda0.33_20260905_065525	16.4 GB	ablation_8b_s70_components/s70_B1_frozen.log
8B S70 d=0.01 lr=1e-4	46.74	73.60	31.31	42.33	10.82	75.66	yes	https://huggingface.co/cosmos1030/gmp-kd3e-1-s70pct-lr1e-4_20260902_234454	gmp_s70pct_lr0.0001_onpol_lmda0.33_20260902_221712		queue_gmp_pgd_grow_to_target_8b/s70_klb0.01.log
8B S70	46.67	73.60	29.29	42.14	14.55	73.77	yes	https://huggingface.co/cosmos1030/gmp-kd3e-1-s70pct-lr1e-4_20260908_132323	gmp_s70pct_lr0.0001_onpol_lmda0.33_20260908_115509	16.4 GB	alpssft512_8b/alpssft512_s70.log
8B S70 d=999 lr=1e-4	46.49	72.20	34.85	40.85	7.09	77.48	yes	https://huggingface.co/cosmos1030/gmp-kd3e-1-s70pct-lr1e-4_20260827_230324	gmp_s70pct_lr0.0001_onpol_lmda0.33_20260827_230324		queue_gmp_pgd_klgate_8b/s70_u_duringgrowth.log
8B S70 ro=1	46.40	73.60	29.29	43.81	13.06	72.25	yes	https://huggingface.co/cosmos1030/gmp-kd3e-1-s70pct-lr1e-4_20260821_001630	gmp_s70pct_lr0.0001_onpol_lmda0.33_20260820_225125	16.4 GB	alpssft_8b_b200_s70pct_lr1e-4/run.log
8B S70 d=99999 lr=1e-4	45.25	70.00	28.79	45.84	7.84	73.77	yes	https://huggingface.co/cosmos1030/gmp-kd3e-1-s70pct-lr1e-4_20260905_082817	gmp_s70pct_lr0.0001_onpol_lmda0.33_20260905_070445	16.4 GB	ablation_8b_s70_components/s70_A3_nogate.log
8B S70 d=99999 lr=1e-4 B1frozen(ro=4096)	43.96	68.80	30.81	40.30	6.72	73.16	yes	https://huggingface.co/cosmos1030/gmp-kd3e-1-s70pct-lr1e-4_20260905_154514	gmp_s70pct_lr0.0001_onpol_lmda0.33_20260905_142046	16.4 GB	ablation_8b_s70_components/s70_A3B1_nogate_frozen.log
8B S70 d=0.02 lr=1e-4	43.83	71.40	32.32	37.71	4.48	73.24	yes	https://huggingface.co/cosmos1030/gmp-kd3e-1-s70pct-lr1e-4_20260901_005858	gmp_s70pct_lr0.0001_onpol_lmda0.33_20260831_232937	16.4 GB	queue_gmp_pgd_klgate_8b_cubic/s70_cubic.log
8B S70 d=0.02 lr=1e-4 jump	42.86	66.80	30.81	41.22	5.97	69.52	yes	https://huggingface.co/cosmos1030/gmp-kd3e-1-s70pct-lr1e-4_20260908_102348	gmp_s70pct_lr0.0001_onpol_lmda0.33_20260908_085535	16.4 GB	resweep2_opkdfix/s70_A3jump_delta0.02.log
