label	arm	state	model	avg5	MATH	GPQA	IFEval	LCB	GSM8K	n_bench	step	total	comp_events	comp_maxdelta	ckpt	log
8B S50 d=0.01 lr=5e-5	s50_delta0.01	DONE	8B	64.68	86.20	51.01	77.08	24.63	84.46	5	2048	2048	0		gmp_s50pct_lr5e-05_onpol_lmda0.33_20260907_194808	delta_resweep_opkdfix/s50_delta0.01.log
8B S50 d=0.03 lr=5e-5	s50_delta0.03	DONE	8B	64.18	86.80	48.48	76.52	27.24	81.88	5	2048	2048	0		gmp_s50pct_lr5e-05_onpol_lmda0.33_20260906_043252	delta_sweep_8b_s50_s60/s50_delta0.03.log
8B S50 d=0.02 lr=5e-5	s50_delta0.02	DONE	8B	63.91	85.20	50.00	76.16	24.63	83.55	5	2048	2048	0		gmp_s50pct_lr5e-05_onpol_lmda0.33_20260907_205011	delta_resweep_opkdfix/s50_delta0.02.log
8B S50 d=0.005 lr=5e-5	s50_delta0.005_fsdp2	DONE	8B	63.83	87.00	47.47	74.49	27.24	82.94	5	2048	2048	0		gmp_s50pct_lr5e-05_onpol_lmda0.33_20260910_035856	delta005_fsdp2/s50_delta0.005_fsdp2.log
8B S50 d=0.01 lr=5e-5	s50_klb0.01	DONE	8B	63.57	86.60	46.97	75.23	26.12	82.94	5	2048	2048	0		gmp_s50pct_lr5e-05_onpol_lmda0.33_20260901_153749	queue_gmp_pgd_grow_to_target_8b/s50_klb0.01.log
8B S50 d=0.03 lr=5e-5	s50_delta0.03_opkdfix	DONE	8B	63.56	85.40	46.46	76.34	25.37	84.23	5	2048	2048	0		gmp_s50pct_lr5e-05_onpol_lmda0.33_20260906_234037	opkdfix_8b_s50_s60_delta0.03/s50_delta0.03_opkdfix.log
4B S50 lr=5e-5	gmp_pgd_klgate_4b_s50_lr5e-5_pgdint8_mi32.launch	DONE	4B	63.13	86.80	46.97	73.01	24.63	84.23	5	2048	2048	0		gmp_s50pct_lr5e-05_onpol_lmda0.33_20260824_193511	gmp_pgd_klgate_4b_s50_lr5e-5_pgdint8_mi32.launch.log
8B S50 lr=5e-5	gmp_pgd_klgate_8b_s50_lr5e-5_fsdp2gpu_v2.launch	DONE	8B	63.06	85.60	44.95	76.52	25.00	83.24	5	2048	2048	0		gmp_s50pct_lr5e-05_onpol_lmda0.33_20260825_062313	gmp_pgd_klgate_8b_s50_lr5e-5_fsdp2gpu_v2.launch.log
8B S50 d=999 lr=5e-5	s50_u_duringgrowth	DONE	8B	62.70	83.80	47.98	75.05	24.63	82.03	5	2048	2048	0		gmp_s50pct_lr5e-05_onpol_lmda0.33_20260827_133259	queue_gmp_pgd_klgate_8b/s50_u_duringgrowth.log
4B S50 d=0.01 lr=5e-5 B1frozen(ro=4096)	s50_ro4096	DONE	4B	62.54	85.40	48.99	70.06	25.00	83.24	5	2048	2048	0		gmp_s50pct_lr5e-05_onpol_lmda0.33_20260903_065320	ablation_B1_frozen_pool_4b/s50_ro4096.log
8B S50	alpssft512_s50	DONE	8B	62.44	85.00	42.42	75.60	26.49	82.71	5	2048	2048	0		gmp_s50pct_lr5e-05_onpol_lmda0.33_20260908_042209	alpssft512_8b/alpssft512_s50.log
4B S50 rule=schedule	s50_A2sched_matched	DONE	4B	62.09	87.20	46.46	69.32	24.25	83.24	5	2048	2048	0		gmp_s50pct_lr5e-05_onpol_lmda0.33_20260903_131206	ablation_A2_schedule_4b/s50_A2sched_matched.log
4B S50 d=0.01 lr=5e-5	s50_klb0.01	DONE	4B	62.06	86.80	40.91	72.64	26.12	83.85	5	2048	2048	0		gmp_s50pct_lr5e-05_onpol_lmda0.33_20260901_044830	queue_gmp_pgd_grow_to_target_4b/s50_klb0.01.log
4B S50 d=999 lr=5e-5	s50_u_duringgrowth	DONE	4B	62.04	85.00	44.95	72.27	23.88	84.08	5	2048	2048	0		gmp_s50pct_lr5e-05_onpol_lmda0.33_20260826_215416	queue_gmp_pgd_klgate_4b/s50_u_duringgrowth.log
4B S50 d=99999 lr=5e-5 B1frozen(ro=4096)	s50_nogate_frozen	DONE	4B	62.02	85.60	44.95	73.01	22.39	84.15	5	2048	2048	0		gmp_s50pct_lr5e-05_onpol_lmda0.33_20260904_191048	ablation_A3B1_nogate_frozen_4b/s50_nogate_frozen.log
8B S50 d=0.02 lr=5e-5	s50_cubic	DONE	8B	61.56	84.20	48.48	70.79	23.51	80.82	5	2048	2048	0		gmp_s50pct_lr5e-05_onpol_lmda0.33_20260831_174631	queue_gmp_pgd_klgate_8b_cubic/s50_cubic.log
4B S50 d=0.02 lr=5e-5	s50_klb0.02	DONE	4B	61.39	85.80	42.93	72.27	22.39	83.55	5	2048	2048	0		gmp_s50pct_lr5e-05_onpol_lmda0.33_20260901_044653	queue_gmp_pgd_grow_to_target_4b/s50_klb0.02.log
4B S50 d=0.02 lr=5e-5	gmp_pgd_klgate_4b_s50_lr5e-5_mi32_opd512.launch	DONE	4B	61.25	87.20	38.38	71.90	25.00	83.78	5	2048	2048	0		gmp_s50pct_lr5e-05_onpol_lmda0.33_20260824_072709	gmp_pgd_klgate_4b_s50_lr5e-5_mi32_opd512.launch.log
4B S50 d=999 lr=5e-5	s50_u_posttargetonly	DONE	4B	60.59	86.00	39.39	70.06	23.88	83.62	5	2048	2048	0		gmp_s50pct_lr5e-05_onpol_lmda0.33_20260827_044056	queue_gmp_pgd_klgate_4b/s50_u_posttargetonly.log
4B S50 d=99999 lr=5e-5	s50_nogate	DONE	4B	60.51	83.00	44.95	67.84	23.13	83.62	5	2048	2048	0		gmp_s50pct_lr5e-05_onpol_lmda0.33_20260903_061708	ablation_A3_nogate_4b/s50_nogate.log
8B S60 lr=5e-5	gmp_pgd_klgate_8b_s60_lr5e-5_fsdp2gpu_v2.launch	DONE	8B	59.19	82.80	43.94	65.99	21.27	81.96	5	2048	2048	0		gmp_s60pct_lr5e-05_onpol_lmda0.33_20260825_062633	gmp_pgd_klgate_8b_s60_lr5e-5_fsdp2gpu_v2.launch.log
8B S60 d=0.01 lr=5e-5	s60_delta0.01	DONE	8B	58.90	81.60	41.41	66.17	22.39	82.94	5	2048	2048	0		gmp_s60pct_lr5e-05_onpol_lmda0.33_20260907_130542	delta_resweep_opkdfix/s60_delta0.01.log
8B S60 d=0.01 lr=5e-5	s60_klb0.01	DONE	8B	58.87	81.20	42.93	65.80	21.64	82.79	5	2048	2048	0		gmp_s60pct_lr5e-05_onpol_lmda0.33_20260902_215018	queue_gmp_pgd_grow_to_target_8b/s60_klb0.01_v2.log
8B S60 d=0.03 lr=5e-5	s60_delta0.03_opkdfix	DONE	8B	58.59	82.60	44.44	64.33	19.03	82.56	5	2048	2048	0		gmp_s60pct_lr5e-05_onpol_lmda0.33_20260907_004138	opkdfix_8b_s50_s60_delta0.03/s60_delta0.03_opkdfix.log
8B S60 d=0.03 lr=5e-5	s60_delta0.03	DONE	8B	58.49	82.60	45.45	63.40	17.91	83.09	5	2048	2048	0		gmp_s60pct_lr5e-05_onpol_lmda0.33_20260906_043957	delta_sweep_8b_s50_s60/s60_delta0.03.log
8B S60 d=0.02 lr=5e-5	s60	DONE	8B	58.06	81.20	42.93	65.99	17.91	82.26	5	2048	2048	0		gmp_s60pct_lr5e-05_onpol_lmda0.33_20260901_153400	queue_gmp_pgd_grow_to_target_8b/s60.log
8B S60	alpssft512_s60	DONE	8B	57.61	82.80	37.37	65.99	22.76	79.15	5	2048	2048	0		gmp_s60pct_lr5e-05_onpol_lmda0.33_20260908_042548	alpssft512_8b/alpssft512_s60.log
8B S60 d=0.02 lr=5e-5	s60_delta0.02	DONE	8B	57.29	83.00	36.87	65.43	19.40	81.73	5	2048	2048	0		gmp_s60pct_lr5e-05_onpol_lmda0.33_20260907_141314	delta_resweep_opkdfix/s60_delta0.02.log
4B S60 lr=5e-5	gmp_pgd_klgate_4b_s60_lr5e-5_pgdint8_mi32.launch	DONE	4B	56.11	81.60	38.38	59.15	21.64	79.76	5	2048	2048	0		gmp_s60pct_lr5e-05_onpol_lmda0.33_20260824_193304	gmp_pgd_klgate_4b_s60_lr5e-5_pgdint8_mi32.launch.log
4B S60 d=0.01 lr=5e-5	s60_klb0.01	DONE	4B	55.93	79.80	42.42	58.04	18.28	81.12	5	2048	2048	0		gmp_s60pct_lr5e-05_onpol_lmda0.33_20260903_060056	queue_gmp_pgd_grow_to_target_4b/s60_klb0.01.log
8B S50	alpssft512_n24	DONE	8B	55.64	81.80	39.39	57.12	20.52	79.38	5	2048	2048	0		gmp_s50pct_lr0.0001_onpol_lmda0.33_20260908_124044	alpssft512_8b/alpssft512_n24.log
4B S60 d=0.02 lr=5e-5	s60_klb0.02	DONE	4B	55.35	81.20	41.41	56.19	18.28	79.68	5	2048	2048	0		gmp_s60pct_lr5e-05_onpol_lmda0.33_20260901_064159	queue_gmp_pgd_grow_to_target_4b/s60_klb0.02.log
4B S60 lr=5e-5	gmp_pgd_klgate_4b_s60_lr5e-5_mi32_opd512_v2.launch	DONE	4B	55.34	81.20	36.36	59.52	20.52	79.08	5	2048	2048	0		gmp_s60pct_lr5e-05_onpol_lmda0.33_20260824_075436	gmp_pgd_klgate_4b_s60_lr5e-5_mi32_opd512_v2.launch.log
4B S60 rule=schedule	s60_A2sched_er0.5	DONE	4B	55.18	80.80	41.41	58.78	15.67	79.23	5	2048	2048	0		gmp_s60pct_lr5e-05_onpol_lmda0.33_20260903_131140	ablation_A2_schedule_4b/s60_A2sched_er0.5.log
8B S50 ro=1	run	DONE	8B	55.06	82.00	38.89	59.52	16.42	78.47	5	2048	2048	0		gmp_s50pct_lr0.0001_onpol_lmda0.33_20260821_140855	alpssft_8b_b200_n24_lr1e-4/run.log
4B S60 rule=schedule	s60_A2sched_matched	DONE	4B	54.60	81.20	37.37	57.49	16.42	80.52	5	2048	2048	0		gmp_s60pct_lr5e-05_onpol_lmda0.33_20260903_131440	ablation_A2_schedule_4b/s60_A2sched_matched.log
8B S60 d=999 lr=1e-4	s60_u_duringgrowth	DONE	8B	53.80	80.00	35.86	54.71	19.03	79.38	5	2048	2048	0		gmp_s60pct_lr0.0001_onpol_lmda0.33_20260827_133331	queue_gmp_pgd_klgate_8b/s60_u_duringgrowth.log
4B S60 d=0.02 lr=5e-5 B1frozen(ro=4096)	s60_ro4096	DONE	4B	53.70	79.60	36.36	56.56	15.67	80.29	5	2048	2048	0		gmp_s60pct_lr5e-05_onpol_lmda0.33_20260903_065427	ablation_B1_frozen_pool_4b/s60_ro4096.log
8B 2:4 d=0.01 lr=1e-4	n24_klb0.01	DONE	8B	52.64	74.20	34.85	60.44	17.16	76.57	5	2048	2048	0		gmp_s50pct_lr0.0001_onpol_lmda0.33_20260910_030026	resweep2_opkdfix/n24_klb0.01_resume.log
4B S60 d=99999 lr=5e-5 B1frozen(ro=4096)	s60_nogate_frozen	DONE	4B	52.46	76.00	33.33	55.64	16.42	80.89	5	2048	2048	0		gmp_s60pct_lr5e-05_onpol_lmda0.33_20260904_191151	ablation_A3B1_nogate_frozen_4b/s60_nogate_frozen.log
8B 2:4 d=0.02 lr=1e-4	n24_klb0.02	DONE	8B	52.20	74.60	33.84	59.70	15.67	77.18	5	2048	2048	0		gmp_s50pct_lr0.0001_onpol_lmda0.33_20260910_042748	resweep2_opkdfix/n24_klb0.02.log
4B S60 d=999 lr=1e-4	s60_u_duringgrowth	DONE	4B	52.13	79.20	34.34	51.39	16.79	78.92	5	2048	2048	0		gmp_s60pct_lr0.0001_onpol_lmda0.33_20260826_215546	queue_gmp_pgd_klgate_4b/s60_u_duringgrowth.log
4B S60 d=999 lr=1e-4	s60_u_posttargetonly	DONE	4B	51.84	79.20	33.84	49.91	15.67	80.59	5	2048	2048	0		gmp_s60pct_lr0.0001_onpol_lmda0.33_20260827_044241	queue_gmp_pgd_klgate_4b/s60_u_posttargetonly.log
8B 2:4 d=0.02 lr=1e-4	klb0.02	DONE	8B	51.31	74.20	38.38	54.90	13.43	75.66	5	2048	2048	0		gmp_s50pct_lr0.0001_onpol_lmda0.33_20260902_231340	queue_gmp_pgd_grow_to_target_8b_24/klb0.02.log
8B 2:4 d=999 lr=1e-4	s50_24_duringgrowth	DONE	8B	51.20	71.80	38.38	55.45	14.18	76.19	5	2048	2048	0		gmp_s50pct_lr0.0001_onpol_lmda0.33_20260828_034431	queue_gmp_pgd_klgate_8b/s50_24_duringgrowth.log
8B 2:4 lr=1e-4	gmp_pgd_klgate_8b_24_lr1e-4_fsdp2gpu_v2.launch	DONE	8B	50.47	73.80	32.83	53.97	16.79	74.98	5	2048	2048	0		gmp_s50pct_lr0.0001_onpol_lmda0.33_20260825_140422	gmp_pgd_klgate_8b_24_lr1e-4_fsdp2gpu_v2.launch.log
8B 2:4 d=0.01 lr=1e-4	klb0.01	DONE	8B	50.15	72.60	35.35	53.79	13.43	75.59	5	2048	2048	0		gmp_s50pct_lr0.0001_onpol_lmda0.33_20260902_222528	queue_gmp_pgd_grow_to_target_8b_24/klb0.01_v13.log
8B S70 d=0.02 lr=1e-4	s70_delta0.02	DONE	8B	50.12	77.40	38.38	46.58	8.58	79.68	5	2048	2048	0		gmp_s70pct_lr0.0001_onpol_lmda0.33_20260907_061803	delta_resweep_opkdfix/s70_delta0.02.log
4B S60 d=99999 lr=5e-5	s60_nogate	DONE	4B	50.03	75.60	29.80	51.57	13.43	79.76	5	2048	2048	0		gmp_s60pct_lr5e-05_onpol_lmda0.33_20260903_060508	ablation_A3_nogate_4b/s60_nogate.log
8B S70 d=0.01 lr=1e-4	s70_delta0.01	DONE	8B	49.84	75.20	35.35	47.87	12.69	78.09	5	2048	2048	0		gmp_s70pct_lr0.0001_onpol_lmda0.33_20260908_021645	resweep2_opkdfix/s70_delta0.01.log
8B S70 d=0.03 lr=1e-4	s70_delta0.03	DONE	8B	49.74	78.60	33.84	46.03	12.31	77.94	5	2048	2048	0		gmp_s70pct_lr0.0001_onpol_lmda0.33_20260905_210644	delta_sweep_8b_s70/s70_delta0.03.log
8B S70 d=0.05 lr=1e-4	s70_delta0.05	DONE	8B	49.11	77.40	35.86	45.47	7.84	79.00	5	2048	2048	0		gmp_s70pct_lr0.0001_onpol_lmda0.33_20260907_072207	delta_resweep_opkdfix/s70_delta0.05.log
8B ?	eval	DONE	8B	48.95	76.20	36.87	43.99	10.45	77.26	5			0		gmp_s70pct_lr0.0001_onpol_lmda0.33_20260906_105649	opkdfix_8b_s70_delta0.03/eval_resume.log
8B S70 d=0.02 lr=1e-4 B1frozen(ro=4096)	s70_B1frozen_retry	DONE	8B	48.92	76.00	39.39	42.51	10.07	76.65	5	2048	2048	0		gmp_s70pct_lr0.0001_onpol_lmda0.33_20260909_185223	resweep2_opkdfix/s70_B1frozen_retry_resume.log
8B S70 lr=1e-4	gmp_pgd_klgate_8b_s70_lr1e-4_fsdp2gpu_v2.launch	DONE	8B	48.06	73.60	34.85	45.47	11.19	75.21	5	2048	2048	0		gmp_s70pct_lr0.0001_onpol_lmda0.33_20260825_140241	gmp_pgd_klgate_8b_s70_lr1e-4_fsdp2gpu_v2.launch.log
8B S70 d=0.05 lr=1e-4	s70_delta0.05	DONE	8B	47.49	77.00	32.32	43.07	6.34	78.70	5	2048	2048	0		gmp_s70pct_lr0.0001_onpol_lmda0.33_20260905_215808	delta_sweep_8b_s70/s70_delta0.05.log
4B 2:4 d=0.01 lr=1e-4	klb0.01	DONE	4B	47.23	69.40	36.87	43.62	10.07	76.19	5	2048	2048	0		gmp_s50pct_lr0.0001_onpol_lmda0.33_20260901_224723	queue_gmp_pgd_grow_to_target_4b_24/klb0.01.log
8B S70 d=0.02 lr=1e-4	s70	DONE	8B	47.21	74.40	36.87	40.48	5.97	78.32	5	2048	2048	0		gmp_s70pct_lr0.0001_onpol_lmda0.33_20260901_212817	queue_gmp_pgd_grow_to_target_8b/s70.log
8B S70 d=0.02 lr=1e-4 B1frozen(ro=4096)	s70_B1_frozen	DONE	8B	46.80	76.00	31.31	39.74	9.33	77.63	5	2048	2048	0		gmp_s70pct_lr0.0001_onpol_lmda0.33_20260905_065525	ablation_8b_s70_components/s70_B1_frozen.log
8B S70 d=0.01 lr=1e-4	s70_klb0.01	DONE	8B	46.74	73.60	31.31	42.33	10.82	75.66	5	2048	2048	0		gmp_s70pct_lr0.0001_onpol_lmda0.33_20260902_221712	queue_gmp_pgd_grow_to_target_8b/s70_klb0.01.log
8B S70	alpssft512_s70	DONE	8B	46.67	73.60	29.29	42.14	14.55	73.77	5	2048	2048	0		gmp_s70pct_lr0.0001_onpol_lmda0.33_20260908_115509	alpssft512_8b/alpssft512_s70.log
8B S70 d=999 lr=1e-4	s70_u_duringgrowth	DONE	8B	46.49	72.20	34.85	40.85	7.09	77.48	5	2048	2048	0		gmp_s70pct_lr0.0001_onpol_lmda0.33_20260827_230324	queue_gmp_pgd_klgate_8b/s70_u_duringgrowth.log
8B S70 ro=1	run	DONE	8B	46.40	73.60	29.29	43.81	13.06	72.25	5	2048	2048	0		gmp_s70pct_lr0.0001_onpol_lmda0.33_20260820_225125	alpssft_8b_b200_s70pct_lr1e-4/run.log
4B S70 d=0.02 lr=1e-4	s70_klb0.02	DONE	4B	45.58	72.40	35.86	39.93	8.21	71.49	5	2048	2048	0		gmp_s70pct_lr0.0001_onpol_lmda0.33_20260901_064301	queue_gmp_pgd_grow_to_target_4b/s70_klb0.02.log
4B S70 d=0.02 lr=1e-4	s70_warm512	DONE	4B	45.27	72.40	31.82	41.96	5.97	74.22	5	2048	2048	0		gmp_s70pct_lr0.0001_onpol_lmda0.33_20260905_152806	ablation_warmup_sweep_4b_s70/s70_warm512.log
8B S70 d=99999 lr=1e-4	s70_A3_nogate	DONE	8B	45.25	70.00	28.79	45.84	7.84	73.77	5	2048	2048	0		gmp_s70pct_lr0.0001_onpol_lmda0.33_20260905_070445	ablation_8b_s70_components/s70_A3_nogate.log
4B 2:4 d=0.02 lr=1e-4	klb0.02	DONE	4B	45.17	71.20	30.30	41.04	10.82	72.48	5	2048	2048	0		gmp_s50pct_lr0.0001_onpol_lmda0.33_20260901_224413	queue_gmp_pgd_grow_to_target_4b_24/klb0.02.log
4B 2:4 d=999 lr=1e-4	s50_24_duringgrowth	DONE	4B	44.51	68.80	28.79	43.81	7.46	73.69	5	2048	2048	0		gmp_s50pct_lr0.0001_onpol_lmda0.33_20260826_214103	queue_gmp_pgd_klgate_4b/s50_24_duringgrowth.log
4B 2:4 d=0.02 lr=1e-4 +comp	4b_24_klb0.02_comp	DONE	4B	44.37	65.60	30.81	40.67	9.70	75.06	5	2048	2048	255	16.38	gmp_s50pct_lr0.0001_onpol_lmda0.33_20260910_044130	nm_compensate/4b_24_klb0.02_comp_v2.log
4B 2:4 d=0.01 lr=1e-4 +comp	4b_24_klb0.01_comp	DONE	4B	44.16	67.20	33.84	39.74	7.46	72.55	5	2048	2048	254	16.38	gmp_s50pct_lr0.0001_onpol_lmda0.33_20260910_044350	nm_compensate/4b_24_klb0.01_comp_v2.log
4B S70 d=0.02 lr=1e-4 B1frozen(ro=4096)	s70_ro4096	DONE	4B	43.97	72.80	28.79	37.89	4.48	75.89	5	2048	2048	0		gmp_s70pct_lr0.0001_onpol_lmda0.33_20260903_065326	ablation_B1_frozen_pool_4b/s70_ro4096.log
8B S70 d=99999 lr=1e-4 B1frozen(ro=4096)	s70_A3B1_nogate_frozen	DONE	8B	43.96	68.80	30.81	40.30	6.72	73.16	5	2048	2048	0		gmp_s70pct_lr0.0001_onpol_lmda0.33_20260905_142046	ablation_8b_s70_components/s70_A3B1_nogate_frozen.log
4B S70 d=0.02 lr=1e-4	s70_warm1024	DONE	4B	43.89	71.80	30.30	36.23	4.85	76.27	5	2048	2048	0		gmp_s70pct_lr0.0001_onpol_lmda0.33_20260905_152937	ablation_warmup_sweep_4b_s70/s70_warm1024.log
8B S70 d=0.02 lr=1e-4	s70_cubic	DONE	8B	43.83	71.40	32.32	37.71	4.48	73.24	5	2048	2048	0		gmp_s70pct_lr0.0001_onpol_lmda0.33_20260831_232937	queue_gmp_pgd_klgate_8b_cubic/s70_cubic.log
4B 2:4 lr=1e-4	gmp_pgd_klgate_4b_24_lr1e-4_pgdint8_mi32_nolasso.launch	DONE	4B	43.81	64.00	30.30	41.96	10.07	72.71	5	2048	2048	0		gmp_s50pct_lr0.0001_onpol_lmda0.33_20260824_194912	gmp_pgd_klgate_4b_24_lr1e-4_pgdint8_mi32_nolasso.launch.log
8B S70 d=0.02 lr=1e-4 jump	s70_A3jump_delta0.02	DONE	8B	42.86	66.80	30.81	41.22	5.97	69.52	5	2048	2048	0		gmp_s70pct_lr0.0001_onpol_lmda0.33_20260908_085535	resweep2_opkdfix/s70_A3jump_delta0.02.log
4B S70 rule=schedule	s70_A2sched_matched	DONE	4B	42.75	70.60	29.29	34.20	7.09	72.55	5	2048	2048	0		gmp_s70pct_lr0.0001_onpol_lmda0.33_20260903_131447	ablation_A2_schedule_4b/s70_A2sched_matched.log
4B S70 d=999 lr=1e-4	s70_u_posttargetonly	DONE	4B	42.70	70.20	28.28	38.08	5.60	71.34	5	2048	2048	0		gmp_s70pct_lr0.0001_onpol_lmda0.33_20260827_043702	queue_gmp_pgd_klgate_4b/s70_u_posttargetonly.log
4B 2:4 lr=1e-4	gmp_pgd_klgate_4b_24_lr1e-4_bs1_mi32_opd512_nolasso.launch	DONE	4B	42.47	64.60	28.79	37.89	8.58	72.48	5	2048	2048	0		gmp_s50pct_lr0.0001_onpol_lmda0.33_20260824_112821	gmp_pgd_klgate_4b_24_lr1e-4_bs1_mi32_opd512_nolasso.launch.log
4B S70 lr=1e-4	gmp_pgd_klgate_4b_s70_lr1e-4_pgdint8_mi32.launch	DONE	4B	42.31	68.00	31.31	38.08	4.85	69.29	5	2048	2048	0		gmp_s70pct_lr0.0001_onpol_lmda0.33_20260824_193758	gmp_pgd_klgate_4b_s70_lr1e-4_pgdint8_mi32.launch.log
4B S70 d=999 lr=1e-4	s70_u_duringgrowth	DONE	4B	41.93	71.00	28.79	32.90	5.22	71.72	5	2048	2048	0		gmp_s70pct_lr0.0001_onpol_lmda0.33_20260826_215407	queue_gmp_pgd_klgate_4b/s70_u_duringgrowth.log
4B S70 d=99999 lr=1e-4	s70_nogate	DONE	4B	41.87	64.40	28.28	40.85	4.85	70.96	5	2048	2048	0		gmp_s70pct_lr0.0001_onpol_lmda0.33_20260903_060450	ablation_A3_nogate_4b/s70_nogate.log
4B S70 d=0.02 lr=1e-4	s70_warm0	DONE	4B	41.84	68.00	28.79	33.09	9.70	69.60	5	2048	2048	0		gmp_s70pct_lr0.0001_onpol_lmda0.33_20260904_193834	ablation_warm0_4b_s70/s70_warm0.log
4B S70 d=0.01 lr=1e-4	s70_klb0.01	DONE	4B	41.20	68.40	28.28	33.83	5.60	69.90	5	2048	2048	0		gmp_s70pct_lr0.0001_onpol_lmda0.33_20260903_055641	queue_gmp_pgd_grow_to_target_4b/s70_klb0.01.log
4B S70 d=99999 lr=1e-4 B1frozen(ro=4096)	s70_nogate_frozen	DONE	4B	40.94	62.20	27.78	37.52	4.85	72.33	5	2048	2048	0		gmp_s70pct_lr0.0001_onpol_lmda0.33_20260904_191450	ablation_A3B1_nogate_frozen_4b/s70_nogate_frozen.log
4B S70 d=0.02 lr=1e-4	gmp_pgd_klgate_4b_s70_lr1e-4_mi32_opd512.launch	DONE	4B	40.79	68.00	30.30	30.13	4.48	71.04	5	2048	2048	0		gmp_s70pct_lr0.0001_onpol_lmda0.33_20260824_075727	gmp_pgd_klgate_4b_s70_lr1e-4_mi32_opd512.launch.log
4B S70 rule=schedule	s70_A2sched_er0.5	DONE	4B	40.45	68.40	28.28	31.42	5.97	68.16	5	2048	2048	0		gmp_s70pct_lr0.0001_onpol_lmda0.33_20260903_131246	ablation_A2_schedule_4b/s70_A2sched_er0.5.log
4B S70 d=0.02 lr=1e-4	s70_capped_reversekl	DONE	4B	38.05	59.00	27.78	29.76	4.48	69.22	5	2048	2048	0		gmp_s70pct_lr0.0001_onpol_lmda0.33_20260828_073925	queue_gmp_pgd_klgate_4b_reversekl/s70_capped_reversekl.log
4B 2:4 d=999 lr=1e-4	s50_24_posttargetonly	DONE	4B	36.65	55.20	27.78	31.42	4.10	64.75	5	2048	2048	0		gmp_s50pct_lr0.0001_onpol_lmda0.33_20260827_042748	queue_gmp_pgd_klgate_4b/s50_24_posttargetonly.log
4B S70 d=0.02 lr=1e-4 jump	s70_A3jump_4b	DONE	4B	36.55	59.40	29.29	30.50	2.24	61.33	5	2048	2048	0		gmp_s70pct_lr0.0001_onpol_lmda0.33_20260909_200053	ablation4b_jump/s70_A3jump_4b_resume.log
4B S70 d=999 lr=1e-4	s70_uncapped_reversekl	DONE	4B	35.84	58.80	24.75	26.06	1.87	67.70	5	2048	2048	0		gmp_s70pct_lr0.0001_onpol_lmda0.33_20260828_073529	queue_gmp_pgd_klgate_4b_reversekl/s70_uncapped_reversekl.log
4B S70 d=0.02 lr=1e-4 jump B1frozen(ro=4096)	s70_A3B1jump_4b	DONE	4B	33.14	46.60	32.32	26.80	0.75	59.21	5	2048	2048	0		gmp_s70pct_lr0.0001_onpol_lmda0.33_20260909_204247	ablation4b_jump/s70_A3B1jump_4b_resume.log
4B S70 d=0.02 lr=1e-4 jump B1frozen(ro=4096)	s70_A3B1jump_4b	SUPERSEDED	4B							0	461	2048	0			ablation4b_jump/s70_A3B1jump_4b.log
4B S70 d=0.02 lr=1e-4 jump	s70_A3jump_4b	SUPERSEDED	4B							0	750	2048	0			ablation4b_jump/s70_A3jump_4b.log
4B S70 rule=schedule	smoke	DEAD	4B							0	27	64	0			ablation_A2_schedule_4b/smoke.log
4B S70 rule=schedule	smoke_er0.113_endsteps7_nofire	DEAD	4B							0	3	64	0			ablation_A2_schedule_4b/smoke_er0.113_endsteps7_nofire.log
4B S70 d=0.02 lr=1e-4 ro=2048	s70_ro2048	DEAD	4B							0	12	2048	0			ablation_B1_frozen_pool_4b/s70_ro2048.log
4B S50	alps_retrain_4b_n24_tok512_lr1e-4	LIVE	4B							0	973	2048	0			alps_4b_24/alps_retrain_4b_n24_tok512_lr1e-4.log
4B S50	alps_retrain_4b_n24_tok512_lr5e-05	LIVE	4B							0	999	2048	0			alps_4b_24/alps_retrain_4b_n24_tok512_lr5e-05.log
8B S70	alpssft512_s70.aborted_gpu_defrag	DEAD	8B							0	29	2048	0			alpssft512_8b/alpssft512_s70.aborted_gpu_defrag.log
8B S60 ro=1	run	DEAD	8B							0	2048	2048	0		gmp_s60pct_lr5e-05_onpol_lmda0.33_20260820_033814	alpssft_8b_b200_s60pct_lr5e-5/run.log
? S60	debug_bs2_collatefix_s60_lr1e-4.launch	DEAD	?							0	9	2048	0			debug_bs2_collatefix_s60_lr1e-4.launch.log
? S60 ro=1	debug_bs2_ntponly.launch	DEAD	?							0	13	2048	0			debug_bs2_ntponly.launch.log
? S60 ro=1	debug_bs2_ntponly_nogradckpt.launch	DEAD	?							0	1	2048	0			debug_bs2_ntponly_nogradckpt.launch.log
? S60	debug_bs2_patchtest.launch	DEAD	?							0	13	2048	0			debug_bs2_patchtest.launch.log
8B S50 d=0.02 lr=5e-5	smoke_s50	DEAD	8B							0	8	20	0			debug_grow_to_target_8b/smoke_s50.log
8B S50 d=0.02 lr=5e-5	smoke_s50	DEAD	8B							0	8	20	0			debug_grow_to_target_8b/smoke_s50_v2.log
8B S50 d=0.02 lr=5e-5	smoke_s50	DEAD	8B							0	8	20	0			debug_grow_to_target_8b/smoke_s50_v3.log
8B S50 d=0.02 lr=5e-5	smoke_s50	DEAD	8B							0	8	20	0			debug_grow_to_target_8b/smoke_s50_v4.log
8B S50 d=0.02 lr=5e-5	verify_fix_s50	DEAD	8B							0	40	40	0		gmp_s50pct_lr5e-05_onpol_lmda0.33_20260901_105142	debug_grow_to_target_8b/verify_fix_s50.log
8B S50 d=0.005 lr=5e-5	s50_delta0.005_1gpu	DEAD	8B							0	8	2048	0			delta005_1gpu/s50_delta0.005_1gpu.log
4B S50 d=0.02 lr=5e-5 ro=16	gmp_pgd_klgate_4b_s50_lr5e-5.launch	DEAD	4B							0	134	2048	0			gmp_pgd_klgate_4b_s50_lr5e-5.launch.log
4B S60 d=0.02 lr=1e-4 ro=16	gmp_pgd_klgate_4b_s60_lr1e-4.launch	DEAD	4B							0	43	2048	0			gmp_pgd_klgate_4b_s60_lr1e-4.launch.log
4B S60 lr=1e-4	gmp_pgd_klgate_4b_s60_lr1e-4_bs2_mi32_opd512.launch	DEAD	4B							0	88	2048	0			gmp_pgd_klgate_4b_s60_lr1e-4_bs2_mi32_opd512.launch.log
4B S60 d=0.02 lr=1e-4 ro=16	gmp_pgd_klgate_4b_s60_lr1e-4_bs2_retry.launch	DEAD	4B							0	140	2048	0			gmp_pgd_klgate_4b_s60_lr1e-4_bs2_retry.launch.log
4B S60 lr=1e-4	gmp_pgd_klgate_4b_s60_lr1e-4_bs2_sdpa_klchunk_mi32_opd512.launch	DEAD	4B							0	210	2048	0			gmp_pgd_klgate_4b_s60_lr1e-4_bs2_sdpa_klchunk_mi32_opd512.launch.log
4B S60 lr=1e-4	gmp_pgd_klgate_4b_s60_lr1e-4_bs2_sdpa_mi32_opd512.launch	DEAD	4B							0	2	2048	0			gmp_pgd_klgate_4b_s60_lr1e-4_bs2_sdpa_mi32_opd512.launch.log
4B S60 d=0.02 lr=5e-5 ro=16	gmp_pgd_klgate_4b_s60_lr5e-5.launch	DEAD	4B							0	133	2048	0			gmp_pgd_klgate_4b_s60_lr5e-5.launch.log
4B S60 d=0.02 lr=5e-5	gmp_pgd_klgate_4b_s60_lr5e-5_mi32_opd512.launch	DEAD	4B							0	7	2048	0			gmp_pgd_klgate_4b_s60_lr5e-5_mi32_opd512.launch.log
4B S70 d=0.02 lr=1e-4 ro=16	gmp_pgd_klgate_4b_s70_lr1e-4.launch	DEAD	4B							0	129	2048	0			gmp_pgd_klgate_4b_s70_lr1e-4.launch.log
8B S50 lr=5e-5	gmp_pgd_klgate_8b_s50_lr5e-5_fsdp2gpu_pgdint8.launch	DEAD	8B							0	47	2048	0			gmp_pgd_klgate_8b_s50_lr5e-5_fsdp2gpu_pgdint8.launch.log
8B S50 lr=5e-5	gmp_pgd_klgate_8b_s50_lr5e-5_fsdp2gpu_vllm010.launch	DEAD	8B							0	39	2048	0			gmp_pgd_klgate_8b_s50_lr5e-5_fsdp2gpu_vllm010.launch.log
8B S60 lr=5e-5	gmp_pgd_klgate_8b_s60_lr5e-5_fsdp2gpu_pgdint8_v2.launch	DEAD	8B							0	39	2048	0			gmp_pgd_klgate_8b_s60_lr5e-5_fsdp2gpu_pgdint8_v2.launch.log
8B S60 lr=5e-5	gmp_pgd_klgate_8b_s60_lr5e-5_fsdp2gpu_vllm010.launch	DEAD	8B							0	39	2048	0			gmp_pgd_klgate_8b_s60_lr5e-5_fsdp2gpu_vllm010.launch.log
8B 2:4 d=0.02 lr=1e-4 +comp	8b_24_klb0.02_comp	DEAD	8B							0	15	2048	2	0.0		nm_compensate/8b_24_klb0.02_comp.log
8B S70 d=0.03 lr=1e-4	s70_delta0.03_opkdfix	DEAD	8B							0	2048	2048	0		gmp_s70pct_lr0.0001_onpol_lmda0.33_20260906_105649	opkdfix_8b_s70_delta0.03/s70_delta0.03_opkdfix.log
8B S50 d=0.02 lr=5e-5	s50	DEAD	8B							0	7	2048	0			queue_gmp_pgd_grow_to_target_8b/s50.log
8B S60 d=0.01 lr=5e-5	s60_klb0.01	DEAD	8B							0	823	2048	0			queue_gmp_pgd_grow_to_target_8b/s60_klb0.01.log
8B 2:4 d=0.005 lr=1e-4	klb0.005	DEAD	8B							0	8	2048	0			queue_gmp_pgd_grow_to_target_8b_24/klb0.005.log
8B 2:4 d=0.005 lr=1e-4	klb0.005	DEAD	8B							0	8	2048	0			queue_gmp_pgd_grow_to_target_8b_24/klb0.005_v2.log
8B 2:4 d=0.005 lr=1e-4	klb0.005	DEAD	8B							0	8	2048	0			queue_gmp_pgd_grow_to_target_8b_24/klb0.005_v3.log
8B 2:4 d=0.005 lr=1e-4	klb0.005	DEAD	8B							0	8	2048	0			queue_gmp_pgd_grow_to_target_8b_24/klb0.005_v4.log
8B 2:4 d=0.01 lr=1e-4	klb0.01	DEAD	8B							0	8	2048	0			queue_gmp_pgd_grow_to_target_8b_24/klb0.01.log
8B 2:4 d=0.01 lr=1e-4	klb0.01_debug	DEAD	8B							0	8	20	0			queue_gmp_pgd_grow_to_target_8b_24/klb0.01_debug.log
8B 2:4 d=0.01 lr=1e-4	klb0.01	DEAD	8B							0	23	2048	0			queue_gmp_pgd_grow_to_target_8b_24/klb0.01_v10.log
8B 2:4 d=0.01 lr=1e-4	klb0.01	DEAD	8B							0	15	2048	0			queue_gmp_pgd_grow_to_target_8b_24/klb0.01_v11.log
8B 2:4 d=0.01 lr=1e-4	klb0.01	DEAD	8B							0	199	2048	0			queue_gmp_pgd_grow_to_target_8b_24/klb0.01_v12.log
8B 2:4 d=0.01 lr=1e-4	klb0.01	DEAD	8B							0	8	2048	0			queue_gmp_pgd_grow_to_target_8b_24/klb0.01_v2.log
8B 2:4 d=0.01 lr=1e-4	klb0.01	DEAD	8B							0	8	2048	0			queue_gmp_pgd_grow_to_target_8b_24/klb0.01_v3.log
8B 2:4 d=0.01 lr=1e-4	klb0.01	DEAD	8B							0	8	2048	0			queue_gmp_pgd_grow_to_target_8b_24/klb0.01_v4.log
8B 2:4 d=0.01 lr=1e-4	klb0.01	DEAD	8B							0	8	2048	0			queue_gmp_pgd_grow_to_target_8b_24/klb0.01_v5.log
8B 2:4 d=0.01 lr=1e-4	klb0.01	DEAD	8B							0	8	2048	0			queue_gmp_pgd_grow_to_target_8b_24/klb0.01_v6.log
8B 2:4 d=0.01 lr=1e-4	klb0.01	DEAD	8B							0	15	2048	0			queue_gmp_pgd_grow_to_target_8b_24/klb0.01_v7.log
8B 2:4 d=0.01 lr=1e-4	klb0.01	DEAD	8B							0	15	2048	0			queue_gmp_pgd_grow_to_target_8b_24/klb0.01_v8.log
8B 2:4 d=0.01 lr=1e-4	klb0.01	DEAD	8B							0	15	2048	0			queue_gmp_pgd_grow_to_target_8b_24/klb0.01_v9.log
4B S50 d=0.02 lr=5e-5	s50_capped_reversekl	DEAD	4B							0	2048	2048	0		gmp_s50pct_lr5e-05_onpol_lmda0.33_20260828_125227	queue_gmp_pgd_klgate_4b_reversekl/s50_capped_reversekl.log
4B S50 d=999 lr=5e-5	s50_uncapped_reversekl	DEAD	4B							0	2048	2048	0		gmp_s50pct_lr5e-05_onpol_lmda0.33_20260828_125050	queue_gmp_pgd_klgate_4b_reversekl/s50_uncapped_reversekl.log
8B 2:4 d=0.02 lr=1e-4	s50_24_cubic	DEAD	8B							0	1543	2048	0			queue_gmp_pgd_klgate_8b_cubic/s50_24_cubic.log
8B S60 d=0.02 lr=5e-5	s60_cubic	DEAD	8B			42.42	62.29	20.90	81.35	4	2048	2048	0		gmp_s60pct_lr5e-05_onpol_lmda0.33_20260831_174634	queue_gmp_pgd_klgate_8b_cubic/s60_cubic.log
8B 2:4 d=0.005 lr=1e-4	n24_klb0.005	LIVE	8B							0	24	2048	0			resweep2_opkdfix/n24_klb0.005.log
8B 2:4 d=0.01 lr=1e-4	n24_klb0.01	SUPERSEDED	8B							0	559	2048	0			resweep2_opkdfix/n24_klb0.01.log
8B S70 d=0.02 lr=1e-4 jump B1frozen(ro=4096)	s70_A3B1jump_delta0.02	DEAD	8B							0	43	2048	0			resweep2_opkdfix/s70_A3B1jump_delta0.02.log
8B S70 d=0.02 lr=1e-4 B1frozen(ro=4096)	s70_B1frozen_delta0.02	DEAD	8B							0	39	2048	0			resweep2_opkdfix/s70_B1frozen_delta0.02.log
8B S70 d=0.02 lr=1e-4 B1frozen(ro=4096)	s70_B1frozen	DEAD	8B							0	911	2048	0			resweep2_opkdfix/s70_B1frozen_retry.log
4B S50 ro=4	smoke	DEAD	4B							0	8	8	0			smoke_gmp_pgd_klgate_4b/smoke.log
4B S50 ro=4	smoke2	DEAD	4B							0	8	8	0			smoke_gmp_pgd_klgate_4b/smoke2.log
8B S70 d=0.03 lr=1e-4	resume	DEAD	8B							0	36	48	0			smoke_opkd_slice_ckpt/resume.log
8B S70 d=0.03 lr=1e-4	smoke	DEAD	8B							0	36	48	0			smoke_opkd_slice_ckpt/smoke.log
8B S50 ro=1	run	DEAD	8B							0	375	2048	0			trgmp_8b_b200_n24_lr1e-4_kl0.02/run.log
8B S50 ro=1	trgmp_8b_b200_n24_lr1e-4_kl0.02_mi32.launch	DEAD	8B							0	3	2048	0			trgmp_8b_b200_n24_lr1e-4_kl0.02_mi32.launch.log
8B S50 ro=1	trgmp_8b_b200_n24_lr1e-4_kl0.02_mi32_pgd_klshare.launch	DEAD	8B							0	1	2048	0			trgmp_8b_b200_n24_lr1e-4_kl0.02_mi32_pgd_klshare.launch.log
8B S50 ro=1	run	DEAD	8B							0	322	2048	0			trgmp_8b_b200_n24_lr1e-4_kl0.02_v2/run.log
8B S50 ro=1	run	DEAD	8B							0	79	2048	0			trgmp_8b_b200_n24_lr1e-4_kl0.02_v3/run.log
