model	type	sp	lr	tok	ro	fsdp	avg	math500	gpqa	ifeval	lcb	gsm8k	created	id	proj	name
1.7B	2:4	0.5	0.0001	512	1	False	39.48	60.40	27.27	39.19	5.97	64.59	2026-08-16T19:51:22Z	w6dhmvja	reasoning_qwen3_1.7b_nostrip8192	gmp_s50pct_onpol_lam0.33_tok512_lr0.0001_2048steps_2to4_alpssft_n24_lr1e-4_ot3_fineweb_40k_qwen3_nostrip_8192
1.7B	unstructured	0.5	0.0001	512	1	False	48.35	72.80	29.80	55.27	11.19	72.71	2026-08-11T00:39:14Z	16gmeadr	reasoning_qwen3_1.7b_nostrip8192	gmp_s50pct_onpol_lam0.33_tok512_lr0.0001_2048steps_alpssft_s50pct_lr1e-4_ot3_fineweb_40k_qwen3_nostrip_8192
1.7B	unstructured	0.5	5e-05	512	1	False	47.69	75.00	26.77	53.23	11.19	72.25	2026-08-11T00:39:14Z	afm41ohr	reasoning_qwen3_1.7b_nostrip8192	gmp_s50pct_onpol_lam0.33_tok512_lr5e-05_2048steps_alpssft_s50pct_lr5e-5_ot3_fineweb_40k_qwen3_nostrip_8192
1.7B	unstructured	0.5	5e-06	512	1	False	47.56	72.60	29.80	51.39	8.58	75.44	2026-08-11T00:56:03Z	5o6f02kl	reasoning_qwen3_1.7b_nostrip8192	gmp_s50pct_onpol_lam0.33_tok512_lr5e-06_2048steps_alpssft_s50pct_lr5e-6_ot3_fineweb_40k_qwen3_nostrip_8192
1.7B	unstructured	0.5	1e-05	512	1	False	47.44	75.60	26.77	51.20	9.70	73.92	2026-08-11T00:56:02Z	nh0n21sd	reasoning_qwen3_1.7b_nostrip8192	gmp_s50pct_onpol_lam0.33_tok512_lr1e-05_2048steps_alpssft_s50pct_lr1e-5_ot3_fineweb_40k_qwen3_nostrip_8192
1.7B	unstructured	0.6	0.0001	512	1	False	41.44	61.80	29.29	40.67	5.97	69.45	2026-08-11T02:50:35Z	53uwdeop	reasoning_qwen3_1.7b_nostrip8192	gmp_s60pct_onpol_lam0.33_tok512_lr0.0001_2048steps_alpssft_s60pct_lr1e-4_ot3_fineweb_40k_qwen3_nostrip_8192
1.7B	unstructured	0.6	5e-05	512	1	False	39.13	58.80	29.29	38.26	4.10	65.20	2026-08-11T02:51:06Z	epluy5bh	reasoning_qwen3_1.7b_nostrip8192	gmp_s60pct_onpol_lam0.33_tok512_lr5e-05_2048steps_alpssft_s60pct_lr5e-5_ot3_fineweb_40k_qwen3_nostrip_8192
1.7B	unstructured	0.6	1e-05	512	1	False	35.13	58.80	24.24	31.61	1.12	59.89	2026-08-11T02:54:36Z	d50zybqe	reasoning_qwen3_1.7b_nostrip8192	gmp_s60pct_onpol_lam0.33_tok512_lr1e-05_2048steps_alpssft_s60pct_lr1e-5_ot3_fineweb_40k_qwen3_nostrip_8192
1.7B	unstructured	0.6	5e-06	512	1	False	28.98	47.00	23.23	24.95	0.00	49.73	2026-08-11T03:04:37Z	oxu7xxue	reasoning_qwen3_1.7b_nostrip8192	gmp_s60pct_onpol_lam0.33_tok512_lr5e-06_2048steps_alpssft_s60pct_lr5e-6_ot3_fineweb_40k_qwen3_nostrip_8192
1.7B	unstructured	0.7	5e-05	512	1	False	21.91	28.80	21.72	18.85	0.00	40.18	2026-08-28T06:00:45Z	chbqjyok	reasoning_qwen3_1.7b_nostrip8192	gmp_s70pct_onpol_lam0.5_tok512_lr5e-05_2048steps_alpssft_s70pct_lr5e-5_kdopdonly_ot3_fineweb_40k_qwen3_nostrip_8192
1.7B	unstructured	0.7	5e-05	512	1	False	21.76	26.60	26.77	19.04	0.00	36.39	2026-08-11T04:01:11Z	zexfluvb	reasoning_qwen3_1.7b_nostrip8192	gmp_s70pct_onpol_lam0.33_tok512_lr5e-05_2048steps_alpssft_s70pct_lr5e-5_ot3_fineweb_40k_qwen3_nostrip_8192
1.7B	unstructured	0.7	0.0001	512	1	False	21.28	23.00	20.71	21.63	0.37	40.71	2026-08-11T03:36:38Z	sy3gdp7h	reasoning_qwen3_1.7b_nostrip8192	gmp_s70pct_onpol_lam0.33_tok512_lr0.0001_2048steps_alpssft_s70pct_lr1e-4_ot3_fineweb_40k_qwen3_nostrip_8192
1.7B	unstructured	0.7	1e-05	512	1	False	15.20	11.20	21.72	17.38	0.00	25.70	2026-08-11T04:04:11Z	tk3yg2m1	reasoning_qwen3_1.7b_nostrip8192	gmp_s70pct_onpol_lam0.33_tok512_lr1e-05_2048steps_alpssft_s70pct_lr1e-5_ot3_fineweb_40k_qwen3_nostrip_8192
1.7B	unstructured	0.7	5e-06	512	1	False	14.41	15.80	19.19	14.97	0.00	22.06	2026-08-11T04:20:41Z	020zlwm6	reasoning_qwen3_1.7b_nostrip8192	gmp_s70pct_onpol_lam0.33_tok512_lr5e-06_2048steps_alpssft_s70pct_lr5e-6_ot3_fineweb_40k_qwen3_nostrip_8192
4B	2:4	0.5	5e-05	256	1	False	49.31	77.20	29.80	50.09	13.81	75.66	2026-08-17T13:59:40Z	w5clve87	reasoning_qwen3_4b_nostrip8192	gmp_s50pct_onpol_lam0.33_tok256_lr5e-05_2048steps_2to4_alpssft_n24_lr5e-5_ot3_fineweb_40k_qwen3_nostrip_8192
4B	unstructured	0.5	5e-05	512	1	False	61.23	87.40	42.42	73.57	22.76	79.98	2026-08-11T18:48:30Z	miysnxlq	reasoning_qwen3_4b_nostrip8192	gmp_s50pct_onpol_lam0.33_tok512_lr5e-05_2048steps_alpssft_s50pct_lr5e-5_ot3_fineweb_40k_qwen3_nostrip_8192
4B	unstructured	0.5	1e-05	512	1	False	61.23	87.60	42.93	71.72	23.13	80.74	2026-08-11T23:58:25Z	ihbalua1	reasoning_qwen3_4b_nostrip8192	gmp_s50pct_onpol_lam0.33_tok512_lr1e-05_2048steps_alpssft_s50pct_lr1e-5_ot3_fineweb_40k_qwen3_nostrip_8192
4B	unstructured	0.5	0.0001	512	1	False	58.78	84.00	42.42	66.36	20.90	80.21	2026-08-11T15:03:57Z	wzavc5nd	reasoning_qwen3_4b_nostrip8192	gmp_s50pct_onpol_lam0.33_tok512_lr0.0001_2048steps_alpssft_s50pct_lr1e-4_ot3_fineweb_40k_qwen3_nostrip_8192
4B	unstructured	0.6	0.0001	512	1	False	52.96	81.20	32.83	54.71	19.03	77.03	2026-08-14T01:06:09Z	dqocd3f8	reasoning_qwen3_4b_nostrip8192	gmp_s60pct_onpol_lam0.33_tok512_lr0.0001_2048steps_alpssft_s60pct_lr1e-4_ot3_fineweb_40k_qwen3_nostrip_8192
4B	unstructured	0.6	5e-05	512	1	False	52.85	82.40	35.86	52.13	18.28	75.59	2026-08-14T04:49:12Z	frhabnvh	reasoning_qwen3_4b_nostrip8192	gmp_s60pct_onpol_lam0.33_tok512_lr5e-05_2048steps_alpssft_s60pct_lr5e-5_ot3_fineweb_40k_qwen3_nostrip_8192
4B	unstructured	0.6	1e-05	512	1	False	52.33	81.80	37.88	53.23	15.67	73.09	2026-08-12T08:58:04Z	9rzirk0i	reasoning_qwen3_4b_nostrip8192	gmp_s60pct_onpol_lam0.33_tok512_lr1e-05_2048steps_alpssft_s60pct_lr1e-5_ot3_fineweb_40k_qwen3_nostrip_8192
4B	unstructured	0.6	0.0002	512	1	False	48.58	73.60	39.39	41.96	13.06	74.91	2026-08-12T13:05:45Z	2dq9nskl	reasoning_qwen3_4b_nostrip8192	gmp_s60pct_onpol_lam0.33_tok512_lr0.0002_2048steps_alpssft_s60pct_lr2e-4_ot3_fineweb_40k_qwen3_nostrip_8192
4B	unstructured	0.7	0.0001	512	1	False	40.85	66.20	26.77	31.42	8.96	70.89	2026-08-13T09:24:00Z	5x4prktp	reasoning_qwen3_4b_nostrip8192	gmp_s70pct_onpol_lam0.33_tok512_lr0.0001_2048steps_alpssft_s70pct_lr1e-4_ot3_fineweb_40k_qwen3_nostrip_8192
4B	unstructured	0.7	5e-05	512	1	False	39.16	61.00	30.30	28.47	5.97	70.05	2026-08-13T09:24:00Z	gvlpbvkg	reasoning_qwen3_4b_nostrip8192	gmp_s70pct_onpol_lam0.33_tok512_lr5e-05_2048steps_alpssft_s70pct_lr5e-5_ot3_fineweb_40k_qwen3_nostrip_8192
4B	unstructured	0.7	0.0002	512	1	False	38.10	64.00	27.78	27.36	4.48	66.87	2026-08-13T09:24:00Z	1nlj33qh	reasoning_qwen3_4b_nostrip8192	gmp_s70pct_onpol_lam0.33_tok512_lr0.0002_2048steps_alpssft_s70pct_lr2e-4_ot3_fineweb_40k_qwen3_nostrip_8192
8B	2:4	0.5	0.0001	512	-1	False	55.64	81.80	39.39	57.12	20.52	79.38	2026-09-07T21:22:20Z	tilkmozx	reasoning_qwen3_8b_nostrip8192	gmp_s50pct_onpol_lam0.33_tok512_lr0.0001_2048steps_2to4_alpssft_n24_lr1e-4_ot3_fineweb_40k_qwen3_nostrip_8192_b200
8B	2:4	0.5	0.0001	256	1	False	55.06	82.00	38.89	59.52	16.42	78.47	2026-08-20T23:01:53Z	jchxvi6f	reasoning_qwen3_8b_nostrip8192	gmp_s50pct_onpol_lam0.33_tok256_lr0.0001_2048steps_2to4_alpssft_n24_lr1e-4_ot3_fineweb_40k_qwen3_nostrip_8192_b200
8B	unstructured	0.5	5e-05	256	1	True	63.34	85.40	45.96	76.52	26.87	81.96	2026-08-15T00:56:54Z	nebgszrv	reasoning_qwen3_8b_nostrip8192	gmp_s50pct_onpol_lam0.33_tok256_lr5e-05_2048steps_alpssft_s50pct_lr5e-5_ot3_fineweb_40k_qwen3_nostrip_8192_fsdp2
8B	unstructured	0.5	5e-05	512	-1	False	62.45	85.00	42.42	75.60	26.49	82.71	2026-09-07T13:03:32Z	tb09czsq	reasoning_qwen3_8b_nostrip8192	gmp_s50pct_onpol_lam0.33_tok512_lr5e-05_2048steps_alpssft_s50pct_lr5e-5_ot3_fineweb_40k_qwen3_nostrip_8192_b200
8B	unstructured	0.6	5e-05	512	-1	False	57.61	82.80	37.37	65.99	22.76	79.15	2026-09-07T13:07:31Z	o90s9lyo	reasoning_qwen3_8b_nostrip8192	gmp_s60pct_onpol_lam0.33_tok512_lr5e-05_2048steps_alpssft_s60pct_lr5e-5_ot3_fineweb_40k_qwen3_nostrip_8192_b200
8B	unstructured	0.6	5e-05	256	1	False	56.33	84.60	32.32	62.48	21.64	80.59	2026-08-19T12:06:09Z	1v1lgjqt	reasoning_qwen3_8b_nostrip8192	gmp_s60pct_onpol_lam0.33_tok256_lr5e-05_2048steps_alpssft_s60pct_lr5e-5_ot3_fineweb_40k_qwen3_nostrip_8192_b200
8B	unstructured	0.6	5e-05	256	1	True	55.61	82.00	34.34	62.85	20.52	78.32	2026-08-16T09:25:41Z	hd0ygza8	reasoning_qwen3_8b_nostrip8192	gmp_s60pct_onpol_lam0.33_tok256_lr5e-05_2048steps_alpssft_s60pct_lr5e-5_ot3_fineweb_40k_qwen3_nostrip_8192_fsdp2
8B	unstructured	0.7	0.0001	512	-1	False	46.67	73.60	29.29	42.14	14.55	73.77	2026-09-07T20:37:49Z	3zpks6yu	reasoning_qwen3_8b_nostrip8192	gmp_s70pct_onpol_lam0.33_tok512_lr0.0001_2048steps_alpssft_s70pct_lr1e-4_ot3_fineweb_40k_qwen3_nostrip_8192_b200
8B	unstructured	0.7	0.0001	256	1	False	46.40	73.60	29.29	43.81	13.06	72.25	2026-08-20T07:45:44Z	gnpi8cxz	reasoning_qwen3_8b_nostrip8192	gmp_s70pct_onpol_lam0.33_tok256_lr0.0001_2048steps_alpssft_s70pct_lr1e-4_ot3_fineweb_40k_qwen3_nostrip_8192_b200
8B	unstructured	0.7	5e-05	256	1	True	44.78	70.40	27.27	41.77	11.19	73.24	2026-08-16T20:22:33Z	ugok1c6i	reasoning_qwen3_8b_nostrip8192	gmp_s70pct_onpol_lam0.33_tok256_lr5e-05_2048steps_alpssft_s70pct_lr5e-5_ot3_fineweb_40k_qwen3_nostrip_8192_fsdp2
